episode,steps,q_0_mean,q_0_min,q_0_max,q_1_mean,q_1_min,q_1_max,q_2_mean,q_2_min,q_2_max,q_3_mean,q_3_min,q_3_max,q_4_mean,q_4_min,q_4_max,q_5_mean,q_5_min,q_5_max,r_0_mean,r_0_min,r_0_max,r_1_mean,r_1_min,r_1_max,qf_0_mean,qf_0_min,qf_0_max,qf_1_mean,qf_1_min,qf_1_max,qf_2_mean,qf_2_min,qf_2_max,qf_3_mean,qf_3_min,qf_3_max,qf_4_mean,qf_4_min,qf_4_max,qf_5_mean,qf_5_min,qf_5_max
1,3862,12.0,12.0,12.0,3.0,3.0,3.0,51.06709713781688,38.73718091024329,65.84732393980943,6.0,6.0,6.0,70.17613470170714,52.05282021306972,91.48832416273176,70.17613470170714,52.05282021306972,91.48832416273176,0.5999999999999999,0.6,0.6,69.54136858181893,51.47700061183537,98.53903410190736,12.237688108982269,12.000000000000004,12.773783957712237,3.0725538842959375,3.000000000000001,3.224488666272572,51.685080155384426,50.000000000000014,54.6043331112269,6.19386037235904,6.000000000000002,6.543879053865406,72.01203108614087,70.75000000000001,74.93273445118979,73.2849664036653,70.75000000000001,77.43351429331551
2,3834,12.0,12.0,12.0,3.0,3.0,3.0,50.66222260837718,37.07155702715793,66.18218639052037,6.0,6.0,6.0,67.0104062661532,46.41403064170752,91.53148248640626,67.0104062661532,46.41403064170752,91.53148248640626,0.5999999999999999,0.6,0.6,68.76658977473141,49.85856772746399,91.51522874242994,13.691607963827959,12.547144185188223,15.024924701340389,3.4808477777499935,3.165768413093277,3.842934021711035,59.2514915555584,53.48406708928559,66.08846645239238,7.142732126704445,6.419901815654614,7.996259502313663,80.5111582315469,73.7844833834808,88.71804296616006,82.87128762132967,76.0228429644231,90.5736013936983
3,3854,12.0,12.0,12.0,3.0,3.0,3.0,51.52437339187254,38.655353501869946,70.11551840966204,6.0,6.0,6.0,67.08846406629203,48.45426396207412,86.69454582065863,67.08846406629203,48.45426396207412,86.69454582065863,0.5999999999999999,0.6,0.6,67.51113110965721,49.35417973625474,90.124178755411,17.49659628178432,13.943875609828089,22.266757085657137,4.5194622121593735,3.54969915038055,5.836432309338514,78.67491263061918,60.756729076626655,103.04004914749228,9.720542993979024,7.335982597794203,12.94833021618238,103.79618243204324,82.09326245201095,134.42374979898457,105.2439737847818,84.49803752471834,130.437955298442
4,3863,12.0,12.0,12.0,3.0,3.0,3.0,52.84772813176725,40.58209033016226,70.33758450706765,6.0,6.0,6.0,67.31327926616736,49.13245416574095,99.95206427295707,67.31327926616736,49.13245416574095,99.95206427295707,0.6,0.6,0.6,66.3206923695559,49.117789214490685,95.77749317052486,28.628004791862043,17.183886558279674,46.05983772642405,7.543018847802366,4.423157705646525,12.455596833477864,139.61876437222065,77.04250630149652,238.46026300028865,18.50340924690966,9.532885406846416,33.01348167223172,171.16222042160635,101.5125441647642,284.15806482810217,169.75230811424734,103.2229663013198,264.4333698591367
5,3825,12.0,12.0,12.0,3.0,3.0,3.0,52.89378331446833,39.34493865658155,68.74307258540023,6.0,6.0,6.0,69.10583250744679,50.09001385658589,97.594248515845,69.10583250744679,50.09001385658589,97.594248515845,0.5999999999999999,0.6,0.6,66.77373191079569,50.354276165364745,90.73789364677376,67.83767782196529,23.38168310310039,134.8530663315428,17.175726419581405,6.016032708446298,34.1178126267884,330.41608364695463,107.34828176191304,663.6142579987389,47.64767574091976,13.916303112253274,98.33439133293687,382.7098330068774,137.25984712868464,766.9320813601059,352.9743210512757,139.5078582208496,648.2820194404525
6,3806,12.0,12.0,12.0,3.0,3.0,3.0,52.84386698398436,40.54453175037654,68.17543029920996,6.0,6.0,6.0,69.37852859068958,54.34382161138021,93.07502670832412,69.37852859068958,54.34382161138021,93.07502670832412,0.5999999999999999,0.6,0.6,66.62153047929924,47.04979130786184,91.36556566987456,191.34060926975158,61.8759937440592,369.39489604399705,40.41725468081766,14.73456947494179,78.0179405119998,709.3899752023368,272.02088986719264,1338.7191327408254,105.70414999258712,38.58045582478705,193.810569925867,903.0163108104025,328.4584707592636,1778.5782552405683,767.83753796383,306.9133460239514,1446.582483194794
7,3759,12.0,12.0,12.0,3.0,3.0,3.0,53.5058691847623,39.36895019957908,73.95634265549367,6.0,6.0,6.0,70.30957926627205,50.21959552612464,96.7540688695286,70.30957926627205,50.21959552612464,96.7540688695286,0.5999999999999999,0.6,0.6,65.16638815512472,47.72110885710074,86.89103016033452,346.7336593972881,77.33849080574072,529.7162607314161,66.82766269183526,16.019983974148612,111.5399816356628,1175.0274676206704,268.1560611970278,1945.1576176354256,167.0705316534011,38.62758269998234,257.75306462470485,1612.1352876958076,358.36701216150806,2732.175135870545,1467.168898524329,328.39385360879254,2527.484467707793
8,3685,12.0,12.0,12.0,3.0,3.0,3.0,54.61529380982301,41.10482877672953,74.48350037561646,6.0,6.0,6.0,70.62731369631658,50.90468680079968,99.4236189638094,70.62731369631658,50.90468680079968,99.4236189638094,0.6,0.6,0.6,64.56985772840623,47.44367896550087,91.06776565916996,490.60801269254824,334.6000844213469,581.5734067451701,86.76981245006888,51.117251306302094,123.48409768081034,1712.0744464721097,994.9595441508532,2270.123981714665,201.91496043677046,136.9826858004702,261.6481338173455,2413.055731837786,1403.4129707699317,3218.4282687639725,2274.553327798698,1301.297037582005,3097.775737733195
9,3684,12.0,12.0,12.0,3.0,3.0,3.0,55.39958488267099,41.42803742291354,74.24211235386338,6.0,6.0,6.0,71.8228034870948,53.75190729623765,95.16274905929768,71.8228034870948,53.75190729623765,95.16274905929768,0.5999999999999999,0.6,0.6,63.77250273204129,46.93429490184942,84.28227375335786,546.9223956282308,389.8440713199831,594.5342251375931,105.34571110535781,51.87185384382597,136.36786318043687,2004.427602901153,1125.5832800607673,2399.9287918934724,214.81049423827207,110.18289397180806,274.8340758897226,2869.576930246131,1611.3033888116363,3417.2163532569334,2762.0340826899605,1473.6125496914185,3365.6018913750186
10,3568,12.0,12.0,12.0,3.0,3.0,3.0,56.11296315046793,41.60237175341032,75.63035075878791,6.0,6.0,6.0,72.78451619415402,54.20189889144273,103.52715235305736,72.78451619415402,54.20189889144273,103.52715235305736,0.6,0.6,0.6,63.72723496250199,48.167198657080405,85.86083712315332,587.7033665251386,535.0950083923126,597.9047879981591,127.06946675773578,87.03764015648593,142.32860461260265,2313.233847003534,1812.3122962645448,2452.7986909340493,262.91679509475733,183.95279235136863,289.008844346198,3313.682752160917,2662.800213201416,3485.413286302966,3280.418145106972,2528.321575914876,3478.852486061892
11,3645,12.0,12.0,12.0,3.0,3.0,3.0,57.25555506204755,41.93188745710006,73.44763360969453,6.0,6.0,6.0,72.61016422016858,49.991638362533855,95.1726764562354,72.61016422016858,49.991638362533855,95.1726764562354,0.5999999999999999,0.6,0.6,65.88652950839352,49.0968651833956,92.20934723094156,591.2856618338895,573.025427379189,598.944967041246,131.04227370788996,108.98574927797505,144.6800717489456,2361.6605465926605,2135.6920250921903,2473.9455799683296,276.4226170394588,239.19179206786916,295.0623806861687,3368.4543978039287,3085.298109526156,3507.659424214348,3366.8441349526843,3084.38659697674,3506.0800431199536
12,3671,12.0,12.0,12.0,3.0,3.0,3.0,58.15640926405396,41.935516189921046,78.2151034634639,6.0,6.0,6.0,71.19475094486805,49.97768415868791,94.12074631412683,71.19475094486805,49.97768415868791,94.12074631412683,0.5999999999999999,0.6,0.6,64.98711535037391,49.8468144224323,93.45364457396516,592.0343853179039,573.5358497443392,599.2679313113705,131.70122367392426,107.4822823560453,145.62493889527053,2372.867448995337,2147.564675710344,2480.2295330955862,279.05810423980324,247.05862350871703,296.0236940117132,3388.414600318043,3097.32054442272,3517.411237332324,3372.61028435952,3089.028252134112,3511.0965387195097
13,3625,12.0,12.0,12.0,3.0,3.0,3.0,58.34434229632811,42.85099594752327,78.93691223738986,6.0,6.0,6.0,70.04228517541944,52.64681851449112,95.57471809979587,70.04228517541944,52.64681851449112,95.57471809979587,0.5999999999999999,0.6,0.6,66.62261460302594,48.149710361796096,88.97697403492805,595.0876387295539,582.7141574848191,599.4377281114776,136.33086336202967,117.73009947786451,146.65617151375136,2410.237933912678,2238.006136971297,2484.122343002719,283.90938419026674,256.28174049748725,296.64443937123497,3443.6069000754574,3254.2509291223296,3523.022112537021,3409.6721700703943,3161.0595370423707,3513.714954337249
14,3576,12.0,12.0,12.0,3.0,3.0,3.0,58.46483680112292,43.22633891056773,75.38884083745067,6.0,6.0,6.0,68.85943964711088,51.10561081735663,91.02637725116811,68.85943964711088,51.10561081735663,91.02637725116811,0.5999999999999999,0.6,0.6,69.43365917930585,50.16989102845317,94.10145593847288,596.478955641259,581.2284494634697,599.5502141510619,139.8764365366013,117.34937721843716,147.4402108274938,2428.3011847495923,2201.443819458531,2485.550576393913,285.50740242473114,244.77008419499876,296.3045896943697,3470.922514498885,3244.9272943459205,3526.376011932481,3430.413356839148,3100.111394487332,3514.915837920054
15,3618,12.0,12.0,12.0,3.0,3.0,3.0,56.51126766965583,43.30972379884959,74.89011801062566,6.0,6.0,6.0,67.43249540710974,48.96908154096566,88.1640109615949,67.43249540710974,48.96908154096566,88.1640109615949,0.5999999999999998,0.6,0.6,68.91109289440062,49.78760462138416,96.05962488597254,595.674275207575,578.1220519027672,599.6299213505588,139.16299439503828,116.04853004974208,147.91991027725817,2413.4088611123807,2166.8555652574632,2487.6402931365574,281.85332296892733,239.6105560013268,296.7157239968893,3460.1713975684006,3207.8609565325232,3528.312586566022,3404.315905188318,3033.507915573642,3516.849588777133
16,3631,12.0,12.0,12.0,3.0,3.0,3.0,55.604334655105944,43.17986582198112,74.21928129023834,6.0,6.0,6.0,67.11510870060461,46.26767515587655,88.6747860389889,67.11510870060461,46.26767515587655,88.6747860389889,0.5999999999999999,0.6,0.6,67.92186738503372,49.38383609822326,96.18110466440528,594.4825350625717,546.1413974622201,599.6889105016293,138.35163738714425,94.23703832920307,148.24591948778277,2393.9792199241865,1861.094064571576,2487.9422180826577,278.24758666122653,197.51666231713725,296.605437248756,3445.3575294495786,2855.0061784069926,3529.7616156574627,3380.0442088561563,2598.3152380511565,3519.324990510293
17,3592,12.0,12.0,12.0,3.0,3.0,3.0,54.28663428338127,40.94632234353228,70.47347990315939,6.0,6.0,6.0,65.21305877599225,48.354986820375125,88.48924165649973,65.21305877599225,48.354986820375125,88.48924165649973,0.6,0.6,0.6,67.93993587164967,51.875415350341854,89.21763480368584,595.9087889600578,564.6787994858247,599.7365631445631,140.5087875819665,106.67807673224392,148.5045645092792,2410.945969478559,1992.677635460964,2489.343070535445,281.0736103456599,213.30921459696435,297.0453707254697,3466.831003711507,3055.537698179539,3530.9504479357806,3405.8383190969066,2794.7547458935146,3520.3382169339698
18,3668,12.0,12.0,12.0,3.0,3.0,3.0,54.5649355716182,42.05738233150538,72.80388712254332,6.0,6.0,6.0,63.300677819954785,47.40406455934144,85.93331196151685,63.300677819954785,47.40406455934144,85.93331196151685,0.6,0.6,0.6,68.6644221031316,48.99851993108518,91.40240343018434,590.8689760643648,552.5023193255337,599.7658717822685,134.7521980829542,98.4217572054136,148.59173597442827,2335.1560394962976,1841.6920735446693,2489.2230855824173,266.69303668972185,183.68199406166767,296.40255076136447,3399.9435929094634,2928.86912575734,3531.6796410968923,3290.4317754030403,2571.8890878217694,3519.4543479756367
19,3641,12.0,12.0,12.0,3.0,3.0,3.0,55.72899162349864,41.4946206836825,73.6898211309364,6.0,6.0,6.0,63.92058232240005,48.90685644123562,85.6318610733672,63.92058232240005,48.90685644123562,85.6318610733672,0.6,0.6,0.6,66.95462717715299,49.37841808162303,92.1468592481846,591.7577193315943,542.5813321429544,599.8004579188852,135.19144788920997,91.92049945181694,148.67342796384253,2339.6817424909227,1757.4819407453963,2490.389899839116,265.14747803958227,172.99802433289727,296.62517345410714,3412.16131099389,2832.010902483159,3532.511669487168,3284.1628230572787,2403.602074805054,3519.3559181745336
20,3655,12.0,12.0,12.0,3.0,3.0,3.0,57.41722382977059,40.70051706221729,76.4661587699999,6.0,6.0,6.0,64.1849363155605,47.04011110583304,88.50120969392464,64.1849363155605,47.04011110583304,88.50120969392464,0.6,0.6,0.6,65.60473479951962,46.44602951693303,88.25088041772588,587.3743265159968,523.0202067242453,599.8288812990874,130.67990393853214,81.41935715989959,148.7020273017919,2289.729611180111,1619.0050476400784,2491.8306617625667,258.40727764158976,158.71358815122895,297.2518435826369,3360.2187293371653,2649.479335835153,3533.1531466403103,3187.9039635153276,2133.430662422314,3519.134411221792
21,3636,12.0,12.0,12.0,3.0,3.0,3.0,59.954427451938294,44.257847515067056,77.74613306674708,6.0,6.0,6.0,65.02916641694193,47.43097804804157,89.84876274042558,65.02916641694193,47.43097804804157,89.84876274042558,0.5999999999999999,0.6,0.6,65.01260631267566,48.65004204436055,91.86334630349472,588.5278409953686,503.1831566291618,599.8575197005806,130.5065071585048,71.6954409871042,148.70453681364592,2304.571992952191,1489.2377860550478,2493.02629002098,261.7644764094529,145.65868559931798,297.7381849941026,3372.3307105251984,2472.5977025253205,3533.7467125334533,3184.018908619767,1913.0474029146296,3519.742147739188
22,3621,12.0,12.0,12.0,3.0,3.0,3.0,59.934233234698304,45.64440031418357,77.37762637655692,6.0,6.0,6.0,66.40863254481025,47.92499874055377,91.68092739946869,66.40863254481025,47.92499874055377,91.68092739946869,0.5999999999999999,0.6,0.6,64.10003498279742,45.92172982761631,89.86016737797912,588.253887590918,466.8494604371709,599.8845890328967,129.25530385627667,59.34111909407434,148.7295180141797,2303.162310691979,1283.9191960340186,2494.045705423796,262.52286160829937,124.79806825670556,298.12081479050227,3368.176833926255,2179.9155283398704,3534.288863033757,3171.5762132437067,1620.2964555122749,3521.3816907078185
23,3651,12.0,12.0,12.0,3.0,3.0,3.0,61.005430412673306,46.126031508098364,78.91508849901263,6.0,6.0,6.0,65.42895594896403,48.56457842901522,89.13690246910322,65.42895594896403,48.56457842901522,89.13690246910322,0.5999999999999999,0.6,0.6,64.88064476103311,46.690472152121465,91.34922296099782,573.9624348130005,266.97310164791065,599.9077636833229,119.96600799861241,27.85098346952551,148.68907334697738,2197.412198898604,595.8212900408263,2495.9999450991945,248.69471862680697,57.89098304717676,298.62874058047873,3225.4718954451455,1073.012993025705,3534.721451533484,2980.8130630530677,774.133506260612,3522.4467046283557
24,3665,12.0,12.0,12.0,3.0,3.0,3.0,61.57321452495184,43.96968549843431,81.94223672561017,6.0,6.0,6.0,63.361722466263885,45.85598072561322,88.26910228722879,63.361722466263885,45.85598072561322,88.26910228722879,0.5999999999999999,0.6,0.6,64.89930789192897,47.69413891757716,87.82594181744867,571.2122744777089,432.3220809940145,599.9236116543851,115.0050708380816,45.070593159761664,148.4702687213661,2170.3673535078983,1136.854983998658,2496.040097039378,240.56698391896248,98.64501098344314,298.1907048451944,3183.188005831915,1912.3546646882492,3535.097786151088,2893.713211118665,1294.3058301772526,3521.559577745489
25,3577,12.0,12.0,12.0,3.0,3.0,3.0,63.37312860542695,48.14692596115762,89.11375643761346,6.0,6.0,6.0,58.73774889185238,42.212853856895855,79.87290960591156,58.73774889185238,42.212853856895855,79.87290960591156,0.6,0.6,0.6,63.25424279516108,43.24195740563147,84.50525207932463,591.2964595802218,444.06500356917246,599.9427247273318,127.52474805895726,44.27473818556658,148.41815494034796,2347.1243992869445,1149.3769712135954,2496.337288694337,264.01583241098245,98.95558648304096,298.1728360787924,3403.56596685528,1971.7847265606931,3535.575370131245,3174.291792220979,1260.6870091314688,3520.760683426338
26,3681,12.0,12.0,12.0,3.0,3.0,3.0,63.06289957926607,46.58337346169564,82.13114665155929,6.0,6.0,6.0,55.894971641391166,38.85730197523593,75.09706860589314,55.894971641391166,38.85730197523593,75.09706860589314,0.6,0.6,0.6,61.19908326613889,42.73642230288455,83.71193178219457,550.850457040439,329.3453062111922,599.9552319477748,107.72751042131287,28.870307104924564,148.2614146930273,2049.7090653112064,742.3726978449263,2496.785211689775,226.44760203689688,62.94842814700044,298.43821586043265,3037.066150278341,1323.969098223433,3535.8346172407737,2740.8311866531894,830.4392422719123,3524.6460328462917
27,3676,12.0,12.0,12.0,3.0,3.0,3.0,63.116660575498145,45.95581672110477,84.1793496482218,6.0,6.0,6.0,54.56319191925002,38.99371731882821,75.21151690604012,54.56319191925002,38.99371731882821,75.21151690604012,0.5999999999999999,0.6,0.6,59.42401432744567,42.5126910510763,81.59643020517174,569.7872970212238,193.99165704274145,599.968259899149,113.33738290177995,16.361464237507576,148.17125650724984,2176.5828960180756,410.0440828591452,2497.693233143852,243.61161305244045,37.077351123887446,298.88929461525936,3191.133774850102,724.048444183505,3536.1505684493923,2945.8210276320215,504.1750771449924,3527.84658103476
28,3665,12.0,12.0,12.0,3.0,3.0,3.0,65.44779129525932,48.67697689857464,91.06406453760069,6.0,6.0,6.0,52.413859750669396,35.600991301992515,73.67804250307853,52.413859750669396,35.600991301992515,73.67804250307853,0.5999999999999999,0.6,0.6,58.79836083390175,43.17462876964757,79.51889333558297,586.6067300427416,372.4591097698581,599.975155648275,117.78938023755836,28.64486405390457,148.04467674297663,2306.9021683302894,875.8719320601314,2498.505143231995,261.24118837646466,76.29242942746708,299.29068451564507,3334.029077782349,1483.7583782227057,3536.3406641232937,3106.4521414209976,1011.5869426232324,3528.091327933463
29,3606,12.0,12.0,12.0,3.0,3.0,3.0,67.4530185717048,49.74625781838158,93.87363170009696,6.0,6.0,6.0,50.9004210992007,35.67251538123047,71.23609015826182,50.9004210992007,35.67251538123047,71.23609015826182,0.5999999999999999,0.6,0.6,58.2850281288039,43.91372017016797,82.04893085617529,596.4683373166905,549.4647990773594,599.9790808645823,126.51179880670452,59.30569163193458,147.978277171336,2428.463184620177,1855.003292124075,2498.787617556687,281.85813521413513,181.81007722876743,299.42539422356793,3460.3253545962357,2757.899035957428,3536.4524124351788,3285.8142934119596,1999.520742240246,3527.5095645592846
30,3609,12.0,12.0,12.0,3.0,3.0,3.0,71.01440986045488,53.04944302844408,94.8010015465234,6.0,6.0,6.0,47.953496358155846,30.720299755387217,69.35048801858414,47.953496358155846,30.720299755387217,69.35048801858414,0.5999999999999999,0.6,0.6,58.29442750645365,43.21587851873955,86.40070918220019,593.5398597990454,502.700673855838,599.9817590593898,120.85518887686032,43.48618199310589,147.97242985531167,2383.6567224891005,1461.539379734838,2498.68693559966,273.8729747723623,135.37367083236538,299.3926960679272,3412.0345963707255,2279.8954786849795,3536.51717799581,3177.234765151127,1485.5574462020743,3527.064275488812
31,3586,12.0,12.0,12.0,3.0,3.0,3.0,74.61281068762158,53.66687218593341,98.96963750889626,6.0,6.0,6.0,45.78898479984381,28.319118978374718,72.67216830843647,45.78898479984381,28.319118978374718,72.67216830843647,0.5999999999999999,0.6,0.6,57.0852994162373,40.06971506886201,76.91845270562216,590.0663273086454,367.8343352393695,599.9844077997493,119.27937465962728,24.803858891090165,147.95299178279612,2347.4978445740335,846.1848687281094,2498.640967022612,269.42682233259075,75.93688436201396,299.38724023894395,3372.2547675471938,1372.1814732451132,3536.558085616044,3107.8422493611574,788.2291151508616,3524.997098074424
32,3590,12.0,12.0,12.0,3.0,3.0,3.0,83.12401685396559,59.24393764169523,112.76464661552406,6.0,6.0,6.0,41.58780576332286,25.553184076559305,64.84526137046413,41.58780576332286,25.553184076559305,64.84526137046413,0.5999999999999999,0.6,0.6,58.11289028009588,41.59957000757964,82.34762699586506,578.0611206559857,118.1342702949319,599.9870102841618,113.78950030507507,9.580127243715843,147.85035975681302,2267.5335234052177,254.417698943053,2498.703856599592,260.29190677489777,25.399798339143373,299.47521864011685,3264.135637559343,396.3910431956392,3536.601653408462,2952.0349547706364,261.42332572550345,3522.564794333495
33,3680,12.0,12.0,12.0,3.0,3.0,3.0,87.53066981668512,59.22779766508926,118.3192294038407,6.0,6.0,6.0,43.56035266590734,26.345662271507045,69.52589373495469,43.56035266590734,26.345662271507045,69.52589373495469,0.6,0.6,0.6,57.02338086896591,41.144599357010186,79.21300633035678,558.7245908476681,112.52686328583007,599.9943026356923,94.55326698503042,8.42465065097666,147.67933772164702,2011.1574760782973,219.9522515659223,2498.8576212907174,225.10314372309773,22.38737478316096,299.5551862123155,2941.400437174107,339.18852108961903,3536.680842965748,2479.7080437892037,227.27675959467769,3521.997051939042
34,3585,12.0,12.0,12.0,3.0,3.0,3.0,88.01893394534505,63.598570935797525,123.57901594069403,6.0,6.0,6.0,42.23729838870532,27.52671130049092,69.79212770374158,42.23729838870532,27.52671130049092,69.79212770374158,0.5999999999999999,0.6,0.6,60.209857346571226,41.14562526740932,87.32947559071516,588.6223280545041,223.3465260538621,599.9970498814612,112.04321988543172,11.666670889884845,147.47863557254252,2298.82664953649,370.22705494764887,2499.00953709011,265.68396710128894,36.46217561565605,299.6349515514128,3303.873091995036,586.1781540038515,3536.788246927414,2924.0279290824724,327.1457789212081,3519.2484380744395
35,3623,12.0,12.0,12.0,3.0,3.0,3.0,91.36316041854381,62.01240480561145,126.89410544986484,6.0,6.0,6.0,39.8731230390079,24.683468448916788,63.77835168545816,39.8731230390079,24.683468448916788,63.77835168545816,0.5999999999999998,0.6,0.6,60.90893275659788,41.706012549679485,87.38685204823128,586.5935461989608,147.8115152128674,599.998528005867,104.31333532116598,8.427716221821463,147.4450840519749,2248.8844441384535,238.1435888141241,2499.165209169052,257.765086290213,24.396769292101173,299.69683962890565,3239.594089974032,364.55903861322656,3536.84181128506,2756.052719269559,227.17638045740952,3519.332287540764
36,3589,12.0,12.0,12.0,3.0,3.0,3.0,91.34753133528437,65.13958928044684,131.27842193928512,6.0,6.0,6.0,39.344090564275945,24.14237528244425,71.73669318994061,39.344090564275945,24.14237528244425,71.73669318994061,0.5999999999999999,0.6,0.6,63.76535845530104,39.80695955913868,95.02424922116208,584.4313113999622,85.11383148198426,599.9991843016403,108.2179828326087,6.025269099275616,147.04044797965372,2272.16277994285,149.68072362799307,2499.27970607007,263.9853921186043,16.160105607155554,299.74765260750235,3256.6353426148576,224.9097340739644,3536.9335053875334,2852.2904746897952,156.48249582249605,3518.3828046288395
37,3651,12.0,12.0,12.0,3.0,3.0,3.0,92.64121520789342,65.06076725283101,134.3700042407864,6.0,6.0,6.0,37.69789769630563,22.01509825386349,65.77110790588424,37.69789769630563,22.01509825386349,65.77110790588424,0.5999999999999999,0.6,0.6,66.09418606782346,42.467028720803256,93.04768370906903,580.9280919010022,67.4984242813675,599.999449426124,93.57203824383683,5.2351648947169656,146.62946456878103,2147.733264167875,124.02594564453322,2499.355969735706,244.93021483513402,13.69883647992572,299.7814672161485,3109.8869128728866,185.13856983098785,3536.9999411839044,2509.8266690219643,134.68848196341838,3516.82758173994
38,3653,12.0,12.0,12.0,3.0,3.0,3.0,89.25426344928573,64.75683807744896,126.96914247013348,6.0,6.0,6.0,40.04339082910704,24.693503309335263,64.86621696484079,40.04339082910704,24.693503309335263,64.86621696484079,0.5999999999999998,0.6,0.6,64.17458218142109,43.81184339271596,90.51449605967248,581.7570558234801,136.65151306217274,599.9996808297386,89.3931100886953,6.475247353985573,145.58113574860795,2139.4753857224187,206.8178765124862,2499.56973641891,244.11443612430108,21.589285945031857,299.8447192124114,3077.4210143324335,297.25522687612283,3537.0681774175832,2450.6867698676256,180.29538932047024,3515.3809399254774
39,3668,12.0,12.0,12.0,3.0,3.0,3.0,80.71897243010686,61.09879558888175,107.21766490212684,6.0,6.0,6.0,42.966973160501304,26.65788944096605,70.49509644626762,42.966973160501304,26.65788944096605,70.49509644626762,0.6,0.6,0.6,68.0022114146172,42.5564021188502,101.50843224656526,579.0151315157162,76.90840847523091,599.9997474403302,82.33852287244464,4.921060132898037,143.99560764799887,2082.658193122715,134.45676504698656,2499.6007480159187,235.27337243163703,14.453857761153593,299.8410435080659,2986.4747968152956,193.10365737574037,3537.1175537078257,2318.112479057165,131.37035087580944,3513.2514012950182
40,3647,12.0,12.0,12.0,3.0,3.0,3.0,78.60960342156189,55.61876778849854,105.55753178918808,6.0,6.0,6.0,42.56508699798076,25.11655225871776,75.36759405308187,42.56508699798076,25.11655225871776,75.36759405308187,0.6,0.6,0.6,73.15607928992085,46.90902742450988,122.3779822149013,578.5654811754246,45.008964463316005,599.9997942014203,79.92026488893974,3.988526257652417,141.653924627339,2131.856031422895,94.0657686828066,2499.624550316297,241.5057178928961,10.59953189549745,299.85078815778866,3061.1168171550985,134.38700847217052,3537.154635202582,2327.376672629649,100.7797375635622,3506.995465501687
41,3611,12.0,12.0,12.0,3.0,3.0,3.0,79.86366095365497,54.87063630893616,117.31622353378935,6.0,6.0,6.0,41.260904776936954,23.441842515594534,74.34973422367821,41.260904776936954,23.441842515594534,74.34973422367821,0.5999999999999999,0.6,0.6,73.69276818485571,48.212216079137626,104.7587396603371,586.0394055420359,82.45561567145077,599.999845174325,85.65368514597995,4.708087010944758,142.53195632523537,2255.61739038007,138.8659734388482,2499.7126463206446,262.1694631417893,15.76250098576914,299.9114406432323,3213.070921073071,196.6366519635148,3537.195996388584,2474.5304414548127,120.54452808822846,3497.9910106758284
42,3685,12.0,12.0,12.0,3.0,3.0,3.0,76.45141165837595,53.95132341648328,109.14424406054928,6.0,6.0,6.0,42.17885824890154,24.7688409872084,72.76237748973443,42.17885824890154,24.7688409872084,72.76237748973443,0.6,0.6,0.6,73.50379290860228,46.965583756718026,109.74977772889171,552.877671660731,173.32841788809918,599.9998769086682,78.39891895702763,6.615288186449219,144.2007966123124,1931.4186142180322,253.66641723895995,2499.766184375544,225.14018503440238,27.45903015527938,299.9379277852982,2747.1022315149403,371.3873639767112,3537.2241053299017,2090.501342363908,181.287398947032,3495.365896150741
43,3604,12.0,12.0,12.0,3.0,3.0,3.0,76.08539397278653,52.83330654323871,105.9485817222412,6.0,6.0,6.0,42.234257637119136,24.2773375985312,75.53565772237779,42.234257637119136,24.2773375985312,75.53565772237779,0.5999999999999999,0.6,0.6,74.80928126953566,47.35216340680245,111.78049371486694,598.1688550016001,562.2164068859064,599.9998963109005,96.7349023565481,20.510813156700657,145.47897786403078,2379.0904689722897,1425.1473438908397,2499.8064535668577,281.54567299434206,157.9850962665259,299.9540216471199,3366.6788568444827,2005.3448291412756,3537.255025854426,2544.78139887635,570.1388369329502,3489.9527327034702
44,3697,12.0,12.0,12.0,3.0,3.0,3.0,78.55531451809334,51.945057426008255,110.59983605829908,6.0,6.0,6.0,42.68109845268513,25.402000067202582,68.23614680767822,42.68109845268513,25.402000067202582,68.23614680767822,0.6,0.6,0.6,72.29311201325767,45.3568178414016,105.22023955364352,535.5178861479274,100.45073405793376,599.9999135589787,83.92137601170138,5.458016031650006,145.93733455677395,1950.5772320723254,172.2603020803723,2499.8417708306324,230.98689609670524,19.963204963792485,299.96487107375737,2749.9871567291416,243.6649948308414,3537.259170614333,2109.415829823177,132.72995917284888,3489.0170737870426
45,3711,12.0,12.0,12.0,3.0,3.0,3.0,77.43844180804926,49.88512074166987,104.6629416006463,6.0,6.0,6.0,41.61811322229779,25.72031780532261,66.1742092981954,41.61811322229779,25.72031780532261,66.1742092981954,0.5999999999999999,0.6,0.6,72.53965015568966,45.68071544086964,118.02089102245696,535.1347914335057,190.5945560796644,599.999928295173,84.28760194137396,6.929793295552061,145.76063240973156,1968.4640384172399,287.7817626262799,2499.884053026555,233.49952421684128,32.83059065385419,299.97308433478935,2757.277221635144,390.3182411649166,3537.258018235563,2146.147747663588,173.78907738875185,3492.8192892633588
46,3697,12.0,12.0,12.0,3.0,3.0,3.0,76.2649702972974,56.0504512292864,104.66469795502522,6.0,6.0,6.0,40.83161012671136,23.92116250811044,72.77924162594991,40.83161012671136,23.92116250811044,72.77924162594991,0.6,0.6,0.6,73.31915579257809,42.72608337898839,114.8443517891379,560.109996974725,66.93025210372065,599.9999346927353,84.73094666298871,4.668002954809434,145.31435333689572,2068.9499503463608,136.15871246399348,2499.898279482307,243.88361460831592,15.959789329530253,299.9739932042039,2870.5786591358765,179.80591568738672,3537.2588718376733,2206.1449693350537,114.16925259426976,3496.8294786219217
47,3688,12.0,12.0,12.0,3.0,3.0,3.0,76.77695059437337,55.73810251680964,104.46915554508809,6.0,6.0,6.0,40.21743625764006,25.155934296986523,70.13787905303545,40.21743625764006,25.155934296986523,70.13787905303545,0.6000000000000001,0.6,0.6,68.25789197717937,43.60032219879312,100.02439950948074,585.5563234377857,472.6181507511513,599.9999400214177,85.9362818477621,12.658862051211145,145.43695564485475,2195.2291160662094,940.0421643203862,2499.909476266003,257.28355248349067,98.93006714338196,299.9758927579632,3021.4419494310673,1138.0426819634683,3537.2618945228223,2254.1123206306456,371.296356247126,3498.995174268657
48,3667,12.0,12.0,12.0,3.0,3.0,3.0,74.847730483785,56.24071742779198,99.40854826956904,6.0,6.0,6.0,40.39301548472699,24.708997778154533,64.17044552085879,40.39301548472699,24.708997778154533,64.17044552085879,0.6,0.6,0.6,66.25449942889715,44.8301770631319,92.31617463132216,593.1764166028543,547.919547151968,599.9999450688014,86.6492937759572,17.727450653797064,145.90878351264243,2273.5340619732765,1410.5949966762953,2499.919068726336,266.39305701801817,150.5110859527167,299.9786264195365,3112.0204678035407,1715.3171257132708,3537.258912472918,2246.0576798841953,532.974179803091,3498.408828501248
49,3598,12.0,12.0,12.0,3.0,3.0,3.0,71.45115453120566,48.47440877673802,101.0996693089693,6.0,6.0,6.0,41.16292609424037,26.459943908749583,65.29497382736722,41.16292609424037,26.459943908749583,65.29497382736722,0.6,0.6,0.6,64.78164874674562,44.94384133276528,91.30156227396142,598.9362135006836,579.6068171114993,599.9999563591507,99.0705630591894,21.36492167384024,146.80304767555805,2430.7453326768873,1789.4669603090442,2499.933748585861,288.8586998408138,199.4735704231561,299.9832513066122,3368.4986010127373,2019.7268682013928,3537.261331072921,2496.703103716385,512.5478663007344,3494.072306340998
50,3634,12.0,12.0,12.0,3.0,3.0,3.0,66.05094338863599,49.52840467166722,91.17797456199968,6.0,6.0,6.0,42.64194316103005,27.09241210845588,65.77908385992912,42.64194316103005,27.09241210845588,65.77908385992912,0.5999999999999999,0.6,0.6,61.3333484543341,41.9819640347386,84.41560104061757,596.4285401338698,577.7124271165009,599.9999622481812,90.83353113799483,21.685565261065868,147.53339928755463,2333.247397311778,1758.8504665372816,2499.9416945557014,275.0389838951089,197.4815287034192,299.9858069408427,3149.7883685828842,1884.6563544855928,3537.2501949875577,2151.7788014455436,453.1416299359368,3490.132573542473
51,3570,12.0,12.0,12.0,3.0,3.0,3.0,59.69057852943571,40.8973348467187,85.09545276439519,6.0,6.0,6.0,41.63250565121553,26.989667873893627,64.6780191005734,41.63250565121553,26.989667873893627,64.6780191005734,0.6,0.6,0.6,61.50702317570092,42.436877027664345,83.69843249217385,599.0370334512522,584.6480084860913,599.9999706089293,106.91542031066997,25.851315503382622,148.1344828715965,2438.341480502505,1899.827630396175,2499.952640171161,290.6834418692543,217.3839194321245,299.9890706211616,3354.785423333761,2019.2812564441872,3537.254541095196,2496.4278524922574,518.4633324117893,3500.6646518355774
52,3581,12.0,12.0,12.0,3.0,3.0,3.0,58.153100671436306,42.85348260669354,79.04004985280902,6.0,6.0,6.0,40.391933727751926,25.646839169425974,65.74488076976041,40.391933727751926,25.646839169425974,65.74488076976041,0.5999999999999999,0.6,0.6,61.14546245999666,42.8293299346162,84.53972285248224,599.2190808679392,588.0431180543754,599.9999774658629,109.77682863487274,29.38935670932887,148.6093338287242,2443.771669089386,1965.6286115825635,2499.95843856991,291.8213198151559,228.75868572868552,299.9912686777756,3357.668914418945,2083.833662541846,3537.266639694189,2518.556553533015,514.5149909669508,3502.302324923876
53,3619,12.0,12.0,12.0,3.0,3.0,3.0,56.95096178923147,42.00536462855973,79.01873175219811,6.0,6.0,6.0,42.41383560957622,27.957784799794997,66.48653201709391,42.41383560957622,27.957784799794997,66.48653201709391,0.5999999999999999,0.6,0.6,59.90388788872963,43.26740279154024,81.83595859163535,598.3659778502127,587.5785814208466,599.9999805823732,101.2629676495699,30.95440708775097,148.8694472611295,2393.957480988287,1968.968288341628,2499.962234585048,285.1284253975234,230.6637941534495,299.992459395379,3213.956592024755,2033.6214231852955,3537.2644562632872,2214.3582660418683,467.7675818979161,3497.736817273121
54,3577,12.0,12.0,12.0,3.0,3.0,3.0,57.33152962504144,36.54105459600307,85.16623519920208,6.0,6.0,6.0,43.63840491796279,29.903812081453072,65.87070339917607,43.63840491796279,29.903812081453072,65.87070339917607,0.6,0.6,0.6,58.25708690933409,42.79106779004054,80.08580686673399,599.2818671228548,584.9983378035981,599.9999841859102,114.98957352153532,32.74134860687181,149.09378838948925,2448.38925675712,1915.444339150584,2499.9684968092724,292.9107441947652,225.1564826525426,299.9938887944936,3343.0547771351553,1913.2422950907337,3537.263233761289,2420.681773686351,415.9388198497872,3489.8156565336967
55,3704,12.0,12.0,12.0,3.0,3.0,3.0,58.167438898568605,41.27336218491392,89.7184925734736,6.0,6.0,6.0,42.84562524040011,28.08708542351641,62.07996998771988,42.84562524040011,28.08708542351641,62.07996998771988,0.5999999999999999,0.6,0.6,61.008519865915865,44.09583781741819,86.94837415056476,482.73501687732454,28.22083416082007,599.9999854606049,89.3768793735136,3.587143999110271,149.21916902349784,1868.5269571602687,78.17407121687584,2499.9710269530046,223.41790578409544,9.588978974376891,299.9944659713989,2512.298619621252,90.37891582530294,3537.248813330577,1839.3420952450333,71.54878185648101,3486.254348194
56,3684,12.0,12.0,12.0,3.0,3.0,3.0,56.20955285697985,38.06138851077888,78.78009059936485,6.0,6.0,6.0,41.24934115923108,26.50702863771028,60.89552346114829,41.24934115923108,26.50702863771028,60.89552346114829,0.5999999999999999,0.6,0.6,65.11049167649166,48.62777690931278,84.6259303906627,552.5922931400953,308.90771383040374,599.9999857385423,94.0580453931086,10.342571631608395,149.28265669445645,2021.9592581063766,504.1830889608633,2499.965681773107,241.11353022355735,58.66612622987509,299.99364809003174,2653.3797305339663,428.720828993038,3537.224628170848,1895.2777349941846,163.46221534765212,3485.379319390366
57,3638,12.0,12.0,12.0,3.0,3.0,3.0,53.85609203255519,37.20284243903332,81.27481770614486,6.0,6.0,6.0,40.57472323595839,27.2787966686963,58.993133960274896,40.57472323595839,27.2787966686963,58.993133960274896,0.6,0.6,0.6,66.42700382182028,46.85866222638912,91.04250258699832,596.6797242131631,581.9671045563424,599.999985244076,102.00933151661131,36.52075057798375,149.37159952673633,2319.0195451457344,1807.5733439768144,2499.957625776867,275.8649883969316,210.3326097918201,299.99188097711544,3000.7190523269946,1853.8674952336908,3537.1832955978343,1957.0270547917683,363.17277323643873,3479.968154483773
58,3730,12.0,12.0,12.0,3.0,3.0,3.0,52.027379527354476,36.25517178470673,77.68894308407629,6.0,6.0,6.0,38.01887264244129,24.40224989056184,58.14118223812183,38.01887264244129,24.40224989056184,58.14118223812183,0.6,0.6,0.6,65.78580884834405,48.155745784090826,90.29933836735545,446.679539213043,12.181219833281212,599.9999838366347,85.6272490464219,2.726804157602458,149.48580443901508,1739.7833397474508,44.43580777026168,2499.9472215788333,206.86461516889537,5.441030264618427,299.9889635123886,2298.763709034298,57.79979808440861,3537.084524370413,1617.867173575192,55.82547549515686,3473.725590891791
59,3607,12.0,12.0,12.0,3.0,3.0,3.0,50.08076670326064,34.071118826924994,77.57412876158017,6.0,6.0,6.0,33.732063227186046,20.410323429358854,52.56022779089888,33.732063227186046,20.410323429358854,52.56022779089888,0.6,0.6,0.6,69.97551741056378,49.65003431165113,96.41924467239534,596.6054439961341,433.4897978684479,599.9999846623504,109.73366364797408,16.486034547885975,149.55842903277414,2335.1334339526343,662.4210150266213,2499.9438644726115,276.47621799092724,73.33245564884311,299.9874941110712,3018.216919727443,487.1906462008061,3537.0404979134223,1980.1343841587313,160.6454027846019,3477.480868612932
60,3719,12.0,12.0,12.0,3.0,3.0,3.0,52.35817861808872,38.353819890250094,75.44631863035076,6.0,6.0,6.0,34.38450536811776,21.870442235408728,56.82184707877292,34.38450536811776,21.870442235408728,56.82184707877292,0.5999999999999999,0.6,0.6,72.80733810466701,51.607994216431166,101.91856916435678,448.0444602008761,6.87961395366935,599.9999840630766,85.47014723292574,2.0071729802129656,149.59146702262052,1703.3648310151864,29.864257407181093,2499.9314994959127,201.20095530047604,3.642081647516749,299.9839685287906,2230.3061281430664,41.97634964052891,3537.019631113155,1593.8484757864799,45.24553218293909,3480.941681371474
61,3634,12.0,12.0,12.0,3.0,3.0,3.0,51.84272477112755,37.276031951100215,72.76909248514343,6.0,6.0,6.0,32.49980170816039,20.91838331133281,52.31123035496188,32.49980170816039,20.91838331133281,52.31123035496188,0.5999999999999999,0.6,0.6,75.9717917307565,54.822195912077305,107.97997055905012,589.0520776375284,305.18421200796973,599.9999846727932,100.02174780454251,12.189728898507305,149.6498312501531,2114.5258111916773,361.45709737813326,2499.9227532859486,246.39064995577667,39.59394657085051,299.98088958703875,2664.0004598247333,298.0018983153606,3537.026318635266,1828.50576902709,116.83420202844589,3490.24851636639
62,3620,12.0,12.0,12.0,3.0,3.0,3.0,49.775306532062714,34.2940067388238,73.8337862283385,6.0,6.0,6.0,30.955361664187656,18.57306138772442,46.11499834409435,30.955361664187656,18.57306138772442,46.11499834409435,0.5999999999999999,0.6,0.6,69.75645229655144,50.05548059246664,103.16539211859484,585.0801320850052,79.12225809499874,599.9999857183033,103.4722974767351,5.876289209175647,149.71281873945065,2117.10874045704,111.0063266038234,2499.893919384712,245.85457131451508,12.891904306365085,299.9712977882656,2739.421424941598,119.99033637369216,3537.0617823162133,1874.5041850890307,71.57158420374847,3496.2967157656158
63,3725,12.0,12.0,12.0,3.0,3.0,3.0,50.00760704710664,36.02803175632035,68.82019584677955,6.0,6.0,6.0,28.25259716588538,18.06278325704796,43.77078674246053,28.25259716588538,18.06278325704796,43.77078674246053,0.6,0.6,0.6,65.87928957635108,46.27287587487957,92.79999434239627,435.36650335554094,9.428517696332827,599.9999852279658,83.87574843929255,2.466337887355756,149.72932697804606,1577.0972014957597,36.50036536354603,2499.8625869892053,184.85813504683924,4.466929946569146,299.96314028240226,2135.434086184459,50.66336902519513,3537.074240155485,1582.0110761376216,50.28632638766856,3496.7074454197705
64,3642,12.0,12.0,12.0,3.0,3.0,3.0,51.34549520677047,34.89115883635497,73.01743620187399,6.0,6.0,6.0,25.92080034974011,17.522534379829324,37.62899566968886,25.92080034974011,17.522534379829324,37.62899566968886,0.6,0.6,0.6,67.24566950145011,47.01081201620909,94.4317307421378,569.6121860287936,31.81633256946153,599.9999866256204,96.51622963394425,4.104277872053295,149.7493376197997,1880.5733450893445,63.24422859752488,2499.8649516653218,218.20999354861425,7.760700144135969,299.96395387332643,2494.0038207948646,79.19708070488828,3537.0886638721845,1785.423191115617,57.39041960544553,3501.030493688353
65,3602,12.0,12.0,12.0,3.0,3.0,3.0,53.23459438755077,37.85792428183376,81.60091401943407,6.0,6.0,6.0,24.915327818034758,17.14655956261758,36.21329045138858,24.915327818034758,17.14655956261758,36.21329045138858,0.6,0.6,0.6,64.51676958799544,43.95542032445663,90.5293235596326,583.715912073194,47.60013926098895,599.9999873599081,113.6167767930169,4.931415014240695,149.79802157891356,2146.0000412583886,71.68522480732923,2499.8502826730805,251.93544824253829,9.08057246060512,299.96244025255385,2924.1999481663333,94.19669543934864,3537.1343897177385,2018.7121148802912,61.45787336095046,3511.386988526783
66,3609,12.0,12.0,12.0,3.0,3.0,3.0,54.07621560384878,39.91989251088881,75.7490348967265,6.0,6.0,6.0,21.912110677850265,15.504909801162311,33.57065214447963,21.912110677850265,15.504909801162311,33.57065214447963,0.5999999999999999,0.6,0.6,57.225569185321994,38.5261070899298,79.26853060227903,587.0224846083543,68.7389162631634,599.9999885381892,119.57091820576244,5.838431893750001,149.82708015491392,2205.5388870004417,84.68925014513474,2499.853789300153,260.52382302134333,10.925827643989408,299.9645317658029,3047.104627527332,112.60348131026808,3537.186241543648,2123.1903203897664,62.66259809551221,3511.999471029673
67,3631,12.0,12.0,12.0,3.0,3.0,3.0,49.14533457902628,35.542119828120505,66.85279633920587,6.0,6.0,6.0,20.479293367037,14.45295966894963,29.063493449947405,20.479293367037,14.45295966894963,29.063493449947405,0.5999999999999999,0.6,0.6,51.69713346094026,34.445401878479075,73.24398447593967,585.2260322193865,59.61776324756983,599.9999886217188,113.10536068685073,5.523228847962683,149.83896458476767,2102.9622739996153,77.54175670643184,2499.8537685338665,248.5356111895987,10.303159930767524,299.9662238673611,2912.1496943988836,106.13636011645887,3537.217727361932,1941.3556183133874,58.50284344730305,3506.220072208446
68,3729,12.0,12.0,12.0,3.0,3.0,3.0,46.73445289449572,32.24642263108895,66.55142520832281,6.0,6.0,6.0,21.90244210312679,15.243927939787625,31.56024589782981,21.90244210312679,15.243927939787625,31.56024589782981,0.5999999999999999,0.6,0.6,53.43325972816917,35.65511406473449,79.57612128997259,444.8512222103001,6.055471726287755,599.9999871579437,92.01079293406386,1.6177741387992637,149.8337362055764,1636.8326469731162,25.730078632767245,2499.8350278724083,195.6660933533421,3.117940286900369,299.964921129366,2307.379732910104,36.62795349925597,3537.2251538051264,1639.1298969044728,38.088366862967845,3498.6303012634867
69,3694,12.0,12.0,12.0,3.0,3.0,3.0,45.5641649894199,30.807638040502184,67.75048367022467,6.0,6.0,6.0,21.675735241764812,15.096354066725477,33.222264100172026,21.675735241764812,15.096354066725477,33.222264100172026,0.5999999999999999,0.6,0.6,54.068293359490646,32.33515511667688,77.85991693149238,501.4926347581179,16.73967523331876,599.9999868522003,97.49368684351407,3.291767860822816,149.83050872273787,1722.4181374661173,46.12191529939373,2499.8258682866312,206.91028026112087,5.969883059505019,299.9652450943305,2432.9936336929086,68.85769905366826,3537.219818612494,1702.3640191293123,55.78039243925964,3496.7188575882337
70,3659,12.0,12.0,12.0,3.0,3.0,3.0,43.835625548513605,28.97386692980401,64.732314492578,6.0,6.0,6.0,20.251024107495518,13.890787896141855,33.32645166823536,20.251024107495518,13.890787896141855,33.32645166823536,0.5999999999999999,0.6,0.6,58.21961625822902,37.34729167364716,84.93850776630931,568.433580400399,45.76426138885714,599.9999856771917,104.93066242225926,5.152756009576317,149.82572581369735,1897.7833629900522,76.2680864933928,2499.8081075317427,227.92101309067502,10.07802846662352,299.9644089851752,2665.8781944459047,114.02242919999986,3537.1956979472266,1713.2812172432473,64.88310316597621,3484.0611794591564
71,3722,12.0,12.0,12.0,3.0,3.0,3.0,45.67824117406769,31.511233567638985,67.60451658662872,6.0,6.0,6.0,19.930978971768123,13.757668324654684,29.491804018805187,19.930978971768123,13.757668324654684,29.491804018805187,0.6,0.6,0.6,60.18011841050434,37.628965133434406,90.13516714001564,461.2106514386485,9.630464597511097,599.9999828591347,92.90623371840503,2.5626173240118826,149.8207679734289,1630.4838722823197,36.51465296065036,2499.7499560175897,196.4943512085862,4.601355331824106,299.95794593591813,2312.3904031737093,52.80607668375006,3537.171250278977,1530.843284343925,48.225511277505774,3475.5297941181616
72,3690,12.0,12.0,12.0,3.0,3.0,3.0,46.42106181808951,33.003753132366136,66.32027635931719,6.0,6.0,6.0,19.352497413203412,13.71090828137664,27.73636157102368,19.352497413203412,13.71090828137664,27.73636157102368,0.6,0.6,0.6,60.588190531970135,38.80523457310657,89.02656287230252,543.0842972732901,22.641019683085677,599.999980865936,94.58589540639107,4.014536986547942,149.8145390878687,1650.4868197041274,51.0085806175653,2499.7060084636205,200.4578961218083,6.916147098979523,299.95357398371743,2358.3880568933787,73.77098186735893,3537.1439153178217,1573.0217196899835,47.73800442684964,3481.186552909744
73,3715,12.0,12.0,12.0,3.0,3.0,3.0,43.5775894520893,30.796983520865588,63.48863498113312,6.0,6.0,6.0,20.514600035915475,13.690050816784296,28.63597941459167,20.514600035915475,13.690050816784296,28.63597941459167,0.6,0.6,0.6,58.819491812067156,33.72679083360099,87.08019939621798,468.94000411723727,19.6562113386042,599.9999772408646,88.66922863203378,3.834289376647449,149.79956702134663,1533.2147490325226,48.89085187454806,2499.681188803547,185.7788771464309,6.515385979505561,299.95063620295565,2197.68205437314,71.47910571806693,3537.1245356371887,1486.0497715645622,46.3838075502558,3477.772170328341
74,3758,12.0,12.0,12.0,3.0,3.0,3.0,42.71496968335484,28.86598601953822,63.83703389899955,6.0,6.0,6.0,22.73878276537562,15.269812341968043,33.089700972296285,22.73878276537562,15.269812341968043,33.089700972296285,0.6,0.6,0.6,59.58469586429436,37.826981241223,92.13984447463952,431.2520766376268,10.59258679686332,599.9999731927758,87.24668559945133,2.7792197055705783,149.7656417878689,1544.291618587974,38.65288513183466,2499.659684086868,185.70383744658182,4.856609830322457,299.9487480720929,2220.4766788166507,57.586974910020366,3537.1379119177413,1371.8830230979415,47.61172986817912,3468.5174307939283
75,3637,12.0,12.0,12.0,3.0,3.0,3.0,45.65794470584897,28.724557495688057,66.99307427002414,6.0,6.0,6.0,22.550904793524957,14.9163099011398,33.11715926927512,22.550904793524957,14.9163099011398,33.11715926927512,0.6,0.6,0.6,56.65590908286722,34.646736079873016,91.55276459237304,578.0295137596553,33.94553950458605,599.999972614817,108.90233479294758,5.155419506929939,149.7739848450401,1971.8083986928177,68.79360381182866,2499.669866320052,237.37783267958577,8.99517001133859,299.95228559324545,2837.9211617764536,101.83312792707154,3537.1595274365263,1666.4850708314982,49.64581987458637,3489.398411618923
76,3666,12.0,12.0,12.0,3.0,3.0,3.0,48.80316794926159,34.3438654084828,70.10081122982037,6.0,6.0,6.0,23.13611032534462,14.602260192438766,31.67074431558912,23.13611032534462,14.602260192438766,31.67074431558912,0.5999999999999999,0.6,0.6,59.18549261720262,38.400607780552726,91.484678882813,564.6670369264109,30.121713063224018,599.9999722732655,102.14232964223068,5.020089224627903,149.7926252254795,1818.2487401937374,65.68211905781479,2499.690396959389,219.91250137671963,8.684799328458295,299.9567614760176,2635.3965995080925,98.7674811153588,3537.1815894172137,1617.9216699693286,47.92965632324548,3492.1800080706003
77,3677,12.0,12.0,12.0,3.0,3.0,3.0,49.51137218933674,34.804188009834775,73.92154439394679,6.0,6.0,6.0,23.687480815330684,13.469119068009162,36.0427137961096,23.687480815330684,13.469119068009162,36.0427137961096,0.6,0.6,0.6,59.693167452992284,33.750274792810394,91.45388705021968,541.204899836606,20.964070716283697,599.9999597851554,98.89281389719187,4.513157235051484,149.7985746058679,1709.361288035826,54.56750219682791,2499.625532200259,207.98957703655168,7.218945538591084,299.9510394907824,2515.1848317945723,85.32088334177566,3537.176296064719,1556.3096914759763,45.20683440705843,3487.6973025243324
78,3712,12.0,12.0,12.0,3.0,3.0,3.0,49.49397908602077,34.32325166441091,67.20023586886865,6.0,6.0,6.0,24.38740596410235,13.79560245228886,37.38532234536567,24.38740596410235,13.79560245228886,37.38532234536567,0.6,0.6,0.6,60.075437414433026,33.205930326746724,94.13532424089702,468.6955611096429,21.349570315536123,599.9999403366455,92.65630971697314,4.896173159731035,149.7797012878915,1566.3538135122628,55.83132743577268,2499.558948971108,190.71077635022127,7.395029587235347,299.9456145099145,2313.5142072103927,89.71097516703583,3537.156962861993,1454.5036332249472,44.69573472009092,3480.861174085881
79,3759,12.0,12.0,12.0,3.0,3.0,3.0,49.075379107977746,35.178104144936576,70.71062494710385,6.0,6.0,6.0,25.52269905440731,16.021588328214477,37.69368168166648,25.52269905440731,16.021588328214477,37.69368168166648,0.5999999999999999,0.6,0.6,60.57814209304036,35.62668314216541,94.66098005707563,428.35455604548724,14.92788009044988,599.9999214792052,88.21673055009647,3.784365372396424,149.73159211474226,1517.818741104737,48.85847006879357,2499.503863702469,183.28247284671323,6.098037916163985,299.9399232834585,2229.157768918094,78.48752415934983,3537.114984903066,1318.6965986295575,45.409514639366535,3470.752815177892
80,3622,12.0,12.0,12.0,3.0,3.0,3.0,48.46347332802968,33.82618809266352,71.50260355370374,6.0,6.0,6.0,25.571326474261628,16.278367011963823,38.00652289864197,25.571326474261628,16.278367011963823,38.00652289864197,0.5999999999999999,0.6,0.6,64.73472395348723,40.1925863201864,98.93383469297666,581.4588838606093,95.94659224566212,599.999928665571,116.74685391969507,10.786056167375971,149.7331489972146,2051.4533830184987,138.1956617712945,2499.554234722462,247.21638267104623,17.227784648710397,299.94618304235394,3008.364977728702,235.92647789922503,3537.185099641457,1659.586664004123,52.98218147541849,3497.380110629739
81,3720,12.0,12.0,12.0,3.0,3.0,3.0,48.56568260186611,33.23776544531285,72.95467440272034,6.0,6.0,6.0,27.021784972015087,16.760440113579293,39.68160066273593,27.021784972015087,16.760440113579293,39.68160066273593,0.6,0.6,0.6,69.98449942124253,42.71404962553397,103.92165860327484,465.48893254767233,6.371756992458282,599.9999322240391,99.95045041165825,1.894503435971813,149.7441341377666,1729.2605952239387,28.44117831696608,2499.595402882586,207.9909024245057,3.402351243218803,299.95318093858464,2506.899824246629,40.841766475562174,3537.1876636234547,1549.7665583375272,39.11004401497955,3499.18589885502
82,3737,12.0,12.0,12.0,3.0,3.0,3.0,49.894064902163166,34.501499254758656,75.82713666578641,6.0,6.0,6.0,26.81926282354355,16.726290010094502,38.54460905144503,26.81926282354355,16.726290010094502,38.54460905144503,0.6,0.6,0.6,75.53040653244656,47.769166623330825,127.14973678283042,458.15450903005177,9.898694129075338,599.9999258429067,99.97313278737973,2.961844530799668,149.72389325691896,1735.1276139492163,41.06844230340883,2499.582555899232,208.78713130125965,4.858287286291636,299.9530625296861,2507.772679054349,62.19161389167687,3537.1620804432155,1484.7749535940934,44.22335136939822,3489.2615880364283
83,3581,12.0,12.0,12.0,3.0,3.0,3.0,49.862113432577374,35.657893410962195,69.67075932239621,6.0,6.0,6.0,27.72631374398597,19.443754427282368,37.8437020063553,27.72631374398597,19.443754427282368,37.8437020063553,0.5999999999999999,0.6,0.6,79.40281306369988,44.86139814012764,128.93535175081126,599.5091803915642,591.4930451365988,599.9999412124585,138.83618396045316,98.8966824239919,149.75133129238694,2408.68886228927,1849.7024996137495,2499.684026583312,289.7958244127476,227.5940690708984,299.96351374763805,3422.579583581668,2690.584227910981,3537.182593814506,1917.3541622214586,220.3267395637463,3502.316848398304
84,3631,12.0,12.0,12.0,3.0,3.0,3.0,47.89235156632311,33.50409801678397,69.06039101260393,6.0,6.0,6.0,29.612054713099884,19.330653417537103,44.91225408753762,29.612054713099884,19.330653417537103,44.91225408753762,0.5999999999999999,0.6,0.6,78.96638324967242,46.65677424536535,125.4321992901636,596.674531550503,577.5776436389112,599.9999461784332,129.2212523736162,73.17253349257363,149.774767856881,2286.795434785088,1558.201367801286,2499.740151940693,275.1717003219505,188.673414841716,299.9692474733208,3238.634514378247,2224.488966066038,3537.178043960406,1783.2948320571666,221.862635468785,3501.514384000739
85,3688,12.0,12.0,12.0,3.0,3.0,3.0,49.27144090539615,34.36626166732814,76.1346348578568,6.0,6.0,6.0,30.47353604782453,22.45152051780104,40.448964886165584,30.47353604782453,22.45152051780104,40.448964886165584,0.6000000000000001,0.6,0.6,76.48338669888702,44.81163685063147,115.89688705966196,543.0677347139931,268.7016954449873,599.9999438004952,111.77778478026919,20.45610991804277,149.77197979348207,1949.3773206118951,390.8122562532288,2499.723328573947,233.87843479980626,46.60269818293342,299.96603674078005,2764.0121744664502,549.9669535830795,3537.1469500175635,1607.9734864723525,89.24297053569506,3495.6415108985984
86,3663,12.0,12.0,12.0,3.0,3.0,3.0,50.68997935192085,35.096573191617615,74.92869238670178,6.0,6.0,6.0,32.72581429542903,21.98214599600358,46.58561917456039,32.72581429542903,21.98214599600358,46.58561917456039,0.5999999999999998,0.6,0.6,75.4308756398651,47.69917619588584,112.33859833185689,569.4628060508579,31.215088375208573,599.9999395602069,117.23706017559228,5.753771369239724,149.75466338153288,2059.169527764967,83.28354293334242,2499.6784976620293,245.55953282588325,9.79146415530991,299.95847226501405,2910.1699576498722,121.45999519906458,3537.102490904827,1573.2887047473812,54.17876775261559,3486.8574269117403
87,3687,12.0,12.0,12.0,3.0,3.0,3.0,50.08406310340566,35.09799464883794,68.54592884080061,6.0,6.0,6.0,29.812665165756993,20.167847972890808,42.77682602959646,29.812665165756993,20.167847972890808,42.77682602959646,0.6,0.6,0.6,77.94012038547615,49.37129897313831,114.20119070353957,542.7470091598033,277.22308325029235,599.9999337364261,109.17722440794886,21.08110038382681,149.7343351666481,1903.985728265356,397.8385689707257,2499.5669236783474,223.570763936208,41.20829507347814,299.93788692008013,2700.0173935687576,533.4473656981849,3537.040642892277,1457.7638135867085,84.9893167483176,3480.643466083686
88,3611,12.0,12.0,12.0,3.0,3.0,3.0,45.40379249862732,32.00156447844172,66.28624693024732,6.0,6.0,6.0,28.85462493442486,19.701922344570576,39.96723040700929,28.85462493442486,19.701922344570576,39.96723040700929,0.5999999999999999,0.6,0.6,81.07063375214287,48.499303454913495,123.10150737025978,588.2181126668513,127.5818311636872,599.9999382459007,124.701197656143,12.04034107252561,149.74233337398573,2168.5548692827956,194.2297828669825,2499.5004619140263,251.48334151534286,19.40186175207084,299.9167712378592,3081.518936242648,267.9963948690669,3537.022086028818,1663.0238239777248,69.80934660738039,3500.896960510451
89,3690,12.0,12.0,12.0,3.0,3.0,3.0,44.10273444638759,27.553330165006944,72.47054324288406,6.0,6.0,6.0,30.34602888849442,21.123064947118777,42.81223027620017,30.34602888849442,21.123064947118777,42.81223027620017,0.6,0.6,0.6,71.55928665759915,43.60965237607419,106.40372442453166,490.56434662517523,80.67610406981998,599.9999406211077,104.03723358053219,9.49477215692404,149.7546355068717,1788.655543365063,141.10788898236115,2499.5128135618124,206.67628045921055,12.812980416606823,299.91325426546456,2549.4768362099203,204.5165432469232,3536.9990317021247,1543.6972361830442,62.91954485081872,3503.1719528601134
90,3758,12.0,12.0,12.0,3.0,3.0,3.0,45.035773349663955,30.2748259123822,70.18307796390897,6.0,6.0,6.0,31.15994115344215,21.968014748705134,46.460773492738944,31.15994115344215,21.968014748705134,46.460773492738944,0.6,0.6,0.6,68.62388453767204,40.90128939635466,103.68627246238354,426.6556415123767,7.501932617142213,599.9999355021421,94.01452895916421,2.4138712443250823,149.72987709067075,1628.4635209569717,34.61286125745562,2499.386518175243,185.40775965813057,3.779119151702587,299.87780740080626,2314.8172599111185,49.113631343356026,3536.905657239902,1347.2232489887233,41.137832056207294,3496.191494640499
91,3653,12.0,12.0,12.0,3.0,3.0,3.0,46.16798257054902,31.051428679105136,72.49157353862527,6.0,6.0,6.0,30.928873948918163,21.63919007611249,43.90165703538085,30.928873948918163,21.63919007611249,43.90165703538085,0.5999999999999998,0.6,0.6,71.56688471012565,41.83681441272455,106.49525042637688,576.7795379833713,456.57592082588747,599.9999399021872,111.91542880144632,36.16731749352464,149.72384775450394,1956.7155494407518,710.1251386355455,2499.361523951604,210.51450119047098,50.26945820219249,299.8613740015865,2730.62987833177,879.3656192102846,3536.885449385442,1587.4706578156745,108.1614430422542,3501.9092271211484
92,3736,12.0,12.0,12.0,3.0,3.0,3.0,47.83238996584063,31.110442983557405,71.90039195889891,6.0,6.0,6.0,30.466665409309854,22.040432345548247,45.03135318638778,30.466665409309854,22.040432345548247,45.03135318638778,0.5999999999999999,0.6,0.6,73.14730780586432,45.7420022760946,111.60990425827627,435.8652615668125,10.536724438269925,599.9999335169263,94.05738125801012,3.1721927844904765,149.7134238433152,1621.9630462520824,47.13856980988152,2499.2438225110977,178.92147869083198,4.340927348391659,299.82951543430875,2319.7454659821497,62.39830045871687,3536.864911316159,1396.2531874777887,45.1212387764453,3499.857626201097
93,3650,12.0,12.0,12.0,3.0,3.0,3.0,47.654354429016074,32.73939219112312,72.35655219688459,6.0,6.0,6.0,28.434678186674166,20.177540278049744,42.24807079785191,28.434678186674166,20.177540278049744,42.24807079785191,0.6,0.6,0.6,78.73447960379416,46.81656370349933,125.06588608254953,565.240093113195,62.95056414542395,599.9999375796133,110.59398708741475,8.337966266099336,149.71405470661716,1900.114150571817,131.10414808854324,2499.222058905483,200.2899604712966,9.319074554516812,299.8196764032348,2706.387768856141,170.74215248966317,3536.885031636935,1618.917990702205,65.13212688484887,3505.964827532575
94,3591,12.0,12.0,12.0,3.0,3.0,3.0,45.72667553902753,29.522012797343887,65.27756390153172,6.0,6.0,6.0,28.089708822913174,20.523537082989105,40.34100189277424,28.089708822913174,20.523537082989105,40.34100189277424,0.5999999999999999,0.6,0.6,80.5697740334182,46.98543122350627,127.11962899134502,597.7343465174105,529.4022495081349,599.9999433875922,132.32790726098037,61.00981937359185,149.75255744982724,2249.6085767270897,885.3740742166666,2499.2092800634314,242.46418276902696,52.325559449040455,299.8255492491324,3234.8163999848402,1450.814229856721,3536.9817938181054,1837.0174365252867,144.17484910440302,3512.091069852805
95,3628,12.0,12.0,12.0,3.0,3.0,3.0,46.72512625482216,30.71578375809601,74.86541167677339,6.0,6.0,6.0,28.048751900684945,20.942205250757876,40.20817040599894,28.048751900684945,20.942205250757876,40.20817040599894,0.5999999999999998,0.6,0.6,78.43735628943769,49.52631916586053,121.91729685578278,588.2717493532324,230.7904183799652,599.9999463425261,123.93563495437604,19.479214122182103,149.77282191122436,2100.5010661006568,311.6589100504472,2499.282486166103,223.10402025273922,19.39739083440604,299.8593150898242,3042.8643121050163,458.0886593160091,3537.003641206997,1778.3876389157913,100.22978428175315,3511.1855596766422
96,3644,12.0,12.0,12.0,3.0,3.0,3.0,46.28930788582866,30.77135531744676,71.81104493649883,6.0,6.0,6.0,26.553317581624935,18.47760568158718,41.09039875994935,26.553317581624935,18.47760568158718,41.09039875994935,0.5999999999999999,0.6,0.6,79.58039273832313,50.87061154619947,119.070368460851,580.2452569678825,177.15074973791386,599.9999421716617,118.70519720960756,16.637808355728236,149.77268739859963,2023.9611320075667,273.43283200974514,2499.3004305374848,213.01665117175764,16.682944931518545,299.8734512735558,2909.5707284057344,381.7631585641516,3536.974305064332,1702.6365625027345,83.36647011640859,3507.378003395836
97,3726,12.0,12.0,12.0,3.0,3.0,3.0,48.695993935878796,33.526573396541444,73.50888388218306,6.0,6.0,6.0,26.366720837944868,17.94221100909621,41.44998671204392,26.366720837944868,17.94221100909621,41.44998671204392,0.6,0.6,0.6,79.10927575310397,50.00745312017155,115.74832933079088,442.55631635704833,14.867672965041573,599.9999288890432,96.95786669767016,4.36679982064932,149.76310039887971,1656.9494078383607,66.2431180112608,2499.2322595832848,182.0278783677049,4.925409441813255,299.8749757393622,2399.0054004431536,89.86763175427765,3536.9666748030468,1497.3909246499015,51.22978082429413,3502.68665241023
98,3747,12.0,12.0,12.0,3.0,3.0,3.0,48.477228905741505,32.44068479759911,74.36326932372046,6.0,6.0,6.0,28.62698081548494,21.130711052773663,40.511393171732536,28.62698081548494,21.130711052773663,40.511393171732536,0.6,0.6,0.6,79.110373815436,50.85949014929074,124.97787957103225,430.9226187628968,6.491441173404214,599.9999247209083,95.0409315002393,2.100143940453785,149.74707963293602,1628.7298667743983,32.22836505874333,2499.2093270368537,179.50006445653432,3.345491581638264,299.8701326328068,2365.283162973688,44.84017601584082,3536.949537106626,1402.6272301200654,40.94479596276901,3491.596106925987
99,3607,12.0,12.0,12.0,3.0,3.0,3.0,48.18692392713643,33.28333682894205,83.87013555792842,6.0,6.0,6.0,27.624982711027915,19.66942192637487,41.467992468546186,27.624982711027915,19.66942192637487,41.467992468546186,0.6,0.6,0.6,78.11423897904196,50.06507442008967,113.74924050972491,593.2735286486783,296.9349316973339,599.9999376868036,132.08468979734988,27.50766265652876,149.76768562702833,2248.90370559144,477.9869213180507,2499.319116253822,243.36802317868327,28.58186057038767,299.8792274651344,3235.7790750361646,677.4172546725658,3536.9993663584605,1768.1009394566115,112.04503464897488,3500.1956943552805
100,3723,12.0,12.0,12.0,3.0,3.0,3.0,51.82918912183597,35.23067754058039,78.49443833996689,6.0,6.0,6.0,27.665287949734278,19.79552311423337,41.47373049422534,27.665287949734278,19.79552311423337,41.47373049422534,0.6,0.6,0.6,73.65433627733258,48.62167093331607,115.68280705613878,450.3482544782341,19.24080420918561,599.999937066936,100.31121316757469,5.496056379916614,149.77623074616662,1723.37584076421,84.49212417580495,2499.341464926475,189.25889448843333,5.50941875698667,299.89141508189005,2488.306330448057,122.60172331793233,3536.977992815161,1543.1532813189879,58.5642397039583,3497.6113187322294
