episode,initial_ey,initial_epsi,return,mean_cte_m,max_cte_m,rmse_heading_rad,rmse_vx_mps,solver_success_pct,solve_p95_ms,completion_pct,reached_end,terminated,mean_du_delta_sq,post_sample_count,mean_cte_post_m,max_cte_post_m,rmse_heading_post_rad,rmse_vx_post_mps,tracking_feasible,critic_target_horizon_mean,critic_target_horizon_min,critic_target_horizon_max,critic_full_nstep_pct,actor_td_mean,actor_td_rms,critic_loss,actor_loss,target_below_quadratic_min_pct,target_above_quadratic_max_pct,target_outside_quadratic_range_pct,quadratic_min_mean,quadratic_max_mean,target_above_full_value_upper_pct,critic_near_upper_pct,critic_near_lower_pct,baseline_b_mean,baseline_b_max,baseline_share_of_value_pct,qf_multiplier_0_mean,qf_multiplier_1_mean,qf_multiplier_2_mean,qf_multiplier_3_mean,qf_multiplier_4_mean,qf_multiplier_5_mean,td_mean,td_rms,value_mean,target_mean,actor_grad_norm,actor_clip_factor,actor_parameter_delta,critic_grad_norm,critic_clip_factor,critic_parameter_delta,updates,td_rms_max,total_updates
0,-0.014818067085196195,-0.012019584056741611,-1525.8451118427165,0.055968921423664206,0.1349231348502169,0.02857838137584702,0.0021557482986466914,100.0,1.572884526103735,99.64771561639697,True,True,1.976361021724627e-06,3212,0.06441057674585096,0.1349231348502169,0.03128126461256763,0.0023637674361241517,False,15.502848265147591,1,16,93.7856033143449,-0.3907746684669623,0.5855120715440971,36.41876404064901,1.8508495472614028,0.0,0.0,0.0,-19.747521244031137,-0.19747521244031138,0.0,0.0,0.0,0.01968165835949766,0.022377583504955837,4.5829203065113235,1.019807342415189,1.0241846280986455,1.0337016031076884,1.03231006205984,1.0178378952104714,1.035829913832725,-5.6406908113410354,8.534490499221263,-0.429456701036986,-6.070147512378021,1.0984199294269776,0.8178452133072385,0.009262160816037396,3.268157485390087,0.6731794310971904,0.04703456849587909,16,19.407343297944042,16
1,0.013534215455958482,0.054619341434680654,-1802.6427938583606,0.062227703653752374,0.1395221229273167,0.03185049527718913,0.00237613861823742,100.0,1.3880047015845776,99.62536993384467,True,True,2.063348629438497e-06,3183,0.07159026008500434,0.1395221229273167,0.0341320504785709,0.002606234417928147,False,15.530516431924882,1,16,94.13145539906104,-0.46418532795505674,0.6693244941427702,47.56928177582052,2.2057229182856344,0.0,0.0,0.0,-23.501235361276496,-0.2350123536127649,0.0,0.0,0.0,0.027022753728335513,0.03359791169755475,4.5804786188673265,1.1409673303189967,1.1602825925833309,1.185029831111168,1.1904553544507408,1.1379669007992494,1.1713256200894653,-6.699505597420731,9.753899914989955,-0.5899548055311691,-7.289460402951901,1.4122135825150515,0.7531027122228956,0.006407992215355828,7.568422762972791,0.5762595868948925,0.047237267266665155,15,21.145195892076668,31
2,-0.01501861255594792,0.009851502375396753,-1541.388491489588,0.056106365712870775,0.1364537232529206,0.027599765025427245,0.002226752332362743,100.0,1.400520233437419,99.62592433624008,True,True,1.9912777754586695e-06,3204,0.06489282160190715,0.1364537232529206,0.030216813170732066,0.0024421539783567973,False,15.502075765438505,1,16,93.79865075246497,-0.39274880510685234,0.5935173620434935,37.4200018625591,1.8442545622973974,0.15568240788790866,0.0,0.15568240788790866,-19.99009937015041,-0.19990099370150408,0.0,0.0,0.0,0.04796031422409504,0.07478692507013769,6.76056527137987,1.4580496901486935,1.5064874040531244,1.5734982526123835,1.620090498996504,1.4670838506295862,1.4875473326470927,-5.669961025088151,8.65101171685244,-0.7094127827909583,-6.37937380787911,1.4203378935622089,0.7534406887137381,0.00518240068179396,13.749930430410153,0.5603692701861547,0.0537051484058886,16,19.838919986234774,47
3,-0.033433393881815,-0.07824026303837694,-1468.2108022163984,0.05866759616383223,0.13579032097480978,0.02604021108135364,0.0022935103255597245,100.0,1.462590228766203,99.64693457255119,True,True,2.0871653923829833e-06,3211,0.06334261784335658,0.13579032097480978,0.026556098234886735,0.002500027922708441,False,15.502976960911209,1,16,93.78721201139011,-0.3668352082292641,0.5438789097888905,31.382832206075797,1.7298397880816216,2.2521356458710846,0.0,2.2521356458710846,-18.995945105197016,-0.18995945105197018,0.0,0.0,0.0,0.14002981288646982,0.3027313637583763,10.936629848007746,2.3856670659885033,2.5143396159341225,2.792375287444413,3.08390154115161,2.419253998891963,2.399325909742012,-5.288652635047299,7.922478426108309,-1.2803744373956127,-6.569027072442912,1.2563561651672253,0.7758142862609758,0.005973534332055191,33.695189222421085,0.5387590924390597,0.06020836592971375,16,18.946573892211006,63
4,-0.017673695567623236,0.08533707157806054,-1587.0389103602843,0.056301965128919426,0.14411471727968644,0.027302258387757815,0.002954953268887332,100.0,1.4570798724889755,99.6486772605493,True,True,2.0342891363450183e-06,3175,0.06576416822038765,0.14411471727968644,0.0276708129790857,0.0032398261030210616,False,15.529411764705882,1,16,94.11764705882354,-0.37819277715881033,0.5805288656080275,35.47587315758136,1.80924038595246,8.627450980392156,0.0,8.627450980392156,-20.737796385547934,-0.20737796385547932,0.0,0.0,0.0,0.5721441662063632,1.3307369407855163,16.065076857257424,5.653139818497107,5.725242139860468,6.608321672939092,7.941279290153293,5.409326261581306,4.98903633994736,-5.451868140870752,8.423285957105026,-3.561415680049462,-9.013283820920211,0.9701243292404487,0.8089781804267794,0.004684747528963541,112.89159894200999,0.4681299457548165,0.0608336046645915,15,19.86439141499534,78
5,0.008145851036503879,-0.0015298229447646139,-1613.7948100564388,0.056958269696102425,0.15272795116092974,0.026000118236818026,0.005226202237429837,100.0,1.442174892872572,99.63627718477565,True,True,1.7967493774482875e-06,3156,0.06718157981005879,0.15272795116092974,0.028546655588516625,0.005739208541409177,False,15.52706253284288,1,16,94.088281660536,-0.33602195208993557,0.536136133015397,29.476059947679463,1.5882211541466882,41.749868628481345,0.0,41.749868628481345,-21.19247458688697,-0.21192474586886975,0.0,0.0,0.0,1.5953217023039108,3.083392311453525,18.525927314076228,15.945050772479297,13.472418226939222,14.187799504046737,17.617358332097854,12.763481424882015,10.852827391714909,-4.848301412833682,7.678028385943811,-8.611292030125616,-13.459593442959298,0.8890046592339471,0.8324099281094218,0.004776438905353548,217.1302942761083,0.41577298132841406,0.059777108922621114,15,18.748884811854712,93
6,-0.04725960458171398,0.07623288942591426,-1111.411069287047,0.05274439530110429,0.11952488874099788,0.025760861739298608,0.006642745861594017,100.0,1.6150198876857758,99.63290863517962,True,True,1.9975708241399326e-06,3112,0.05587300783126377,0.11952488874099788,0.02623604795488579,0.0072872310428722725,False,15.521149241819632,1,16,94.01436552274541,-0.1806302188572634,0.3095392845958497,7.781662555048107,0.8534303041842782,42.83054003724395,0.0,42.83054003724395,-14.773848933725237,-0.14773848933725237,0.0,0.0,0.0,2.830228445010358,4.8949259004147025,25.083573896912174,28.894471616440665,22.27588756394509,23.50054935241341,27.845088608900184,22.78636449040011,20.737369590449877,-2.6000887456017727,3.9450380365842124,-11.283194558486592,-13.883283304088366,0.4079374112954692,0.9803512663067844,0.0048779769121416365,70.69534175575964,0.2855302612546038,0.05705066028554897,15,8.890094093313422,108
7,-0.005502574758459111,-0.07700449506849823,-1032.312775363283,0.04667757176518377,0.1098892904282463,0.027265775066631005,0.009252957782006027,100.0,1.8843000754714008,99.64794361034087,True,True,2.846020111008981e-06,3034,0.054828274918403225,0.1098892904282463,0.02865303641469734,0.010196150667255502,False,15.511533242876526,1,16,93.89416553595657,-0.1269927261569168,0.29008751949117567,5.144441828202293,0.6011044901616752,94.49118046132972,0.0,94.49118046132972,-13.993393658903294,-0.13993393658903291,0.0,0.0,0.0,3.7056685561624585,5.322924086563101,24.711004557117008,40.884001057712354,28.923270816689623,34.241488929442184,33.652493406128414,34.1067947962938,32.14916364379785,-1.8163862480198012,3.2076289773607836,-14.996025546420736,-16.81241179444054,0.5502351827378716,0.9498799406117239,0.0049670797359389705,34.24516752146575,0.37291183513243764,0.04180281613414048,15,8.230223719973827,123
8,-0.030980881299907604,0.02526895415179567,-962.5133887717593,0.04889131887159077,0.10255499956894523,0.02539532805947104,0.009619232932667277,100.0,1.7976250965148208,99.6482772985613,True,True,1.962637205846072e-06,3036,0.05353619500877342,0.10255499956894523,0.027725155500299855,0.01059373552180614,False,15.511400651465799,1,16,93.89250814332247,-0.10041709030098006,0.27697165492866843,3.500355015869166,0.47511165136859823,98.914223669924,0.0,98.914223669924,-13.052897645322833,-0.1305289764532284,0.0,0.10405356496561709,0.0,4.177662219243554,6.064455580995286,26.237569983601762,45.57686630235256,35.11523703511927,40.08855205802306,35.801749039712014,40.559391240227995,39.03935099208425,-1.4430128114590866,2.645885491048003,-15.922443358339029,-17.365456169798115,0.3842574221012347,0.9497749269170827,0.0033600223514146394,13.568451576801111,0.4258056226724465,0.039629466713998494,15,6.892022791876925,138
9,0.04985329831867831,0.06510405792025174,-1283.0032136277387,0.060557163547062545,0.09797750451460924,0.0322368345084615,0.012883138763545205,100.0,2.0183646585792303,99.62733973640395,True,True,3.931583052332784e-06,2919,0.06393945656367699,0.09797750451460924,0.03485486275589896,0.014213004485692095,False,15.52914798206278,1,16,94.11434977578476,-0.12488543836086032,0.3388916175645788,4.505595031839039,0.5873779476422394,98.71076233183857,0.0,98.71076233183857,-17.960414943477048,-0.1796041494347705,0.0,5.507286995515695,0.0,5.726696956739027,7.442879784373082,25.026403990077558,48.97528054376155,42.35648891924527,46.26467694007067,43.81946584912623,46.83650533089636,46.36633420645897,-1.7971206717210917,3.001864431262358,-22.88262012796382,-24.679740799684915,0.5988901507556019,0.9317987631777211,0.004478246511410479,12.274975386384241,0.24911732187478103,0.04691860882341,14,6.1330893490045195,152
10,-0.00873267384319907,-0.007763571998673599,-959.635704496315,0.04535174148288861,0.09619947746866657,0.027402037853645096,0.010975662613508432,100.0,1.7152197659015656,99.63389288742907,True,True,1.9185592947999846e-06,2995,0.05347223543060142,0.09619947746866657,0.030213781090365415,0.012108219488587741,False,15.506172839506172,1,16,93.82716049382717,-0.06827860365396857,0.30971233955669003,3.1656475193946814,0.3358076633675895,99.56104252400549,0.0,99.56104252400549,-13.152933423660327,-0.13152933423660326,0.0,12.33196159122085,0.0,6.436598066502744,8.18586186247167,33.267065191826944,49.27380515282413,43.680757902629985,47.2332109318532,46.070436173243145,47.610662866486635,47.587902967529104,-0.9901268038169745,2.516206477773508,-19.348259395253443,-20.338386199070417,0.6691089407262768,0.92805603386397,0.004843553709572504,8.82942251623912,0.3092360887361344,0.026562923355704874,15,6.203983855149179,167
11,-0.0289780870177371,-0.05672595636564606,-943.2595892673305,0.04835819502870541,0.0967654717040506,0.026527732519642744,0.010326118174804354,100.0,1.7010997980833054,99.62417301077646,True,True,3.1382328584918515e-06,3020,0.05295356669000248,0.0967654717040506,0.028589709007538072,0.011375131185471793,False,15.509670389539634,1,16,93.87087986924544,-0.06146838465741071,0.2977058838381022,2.7117500739409643,0.30271312674129625,99.56415145736857,0.0,99.56415145736857,-12.832726855448232,-0.12832726855448232,0.0,16.984472895668752,0.0,6.561134311931631,8.484454178341636,34.269072402693496,49.33619877649198,43.90040789130809,47.45734897990675,46.509684039967205,47.89278587021968,47.66940331250205,-0.875864928416918,2.328840945166056,-19.14593495508777,-20.021799883504688,0.6268503832462601,0.934726515102393,0.005419594177838102,7.664946656299689,0.34228364697137353,0.02260363411115362,15,5.882249067525997,182
12,0.008138366970784551,-0.04885872491987313,-1009.1602095943867,0.04631323788787041,0.0971445052462571,0.028778155312239404,0.011367555447456325,100.0,1.711020059883594,99.63261019134909,True,True,2.7300515645522714e-06,2976,0.05511359104949747,0.0971445052462571,0.03129978130228243,0.0125444543584787,False,15.50344827586207,1,16,93.79310344827586,-0.06843726358462246,0.3168156682138949,3.3304382462246953,0.3326131745757181,99.55862068965517,0.0,99.55862068965517,-13.905543195591095,-0.13905543195591097,0.0,20.960919540229884,0.0,6.934173768646784,8.777659073376912,33.537768048751076,49.59063656079616,45.44362112067656,48.20475867825357,47.318230698377796,48.672889047002926,48.193246220076254,-0.9905014199863412,2.5808673914886424,-20.675716280723123,-21.666217700709467,0.4018267910977383,0.9580380553581587,0.004605426942859636,9.068582158162146,0.2783757610350555,0.0216316310353648,15,7.680071101840118,197
13,0.042859347046115714,0.06636845495259001,-1220.3423041846424,0.05819947097360455,0.0972261717545064,0.03190964555799025,0.012678222937346311,100.0,1.8778995145112276,99.62696154011407,True,True,3.9965643692122315e-06,2926,0.062361040808610005,0.0972261717545064,0.03448338811679234,0.01399074486401811,False,15.53020134228188,1,16,94.12751677852349,-0.0929807424383151,0.33715620643798716,3.7440088489490377,0.4301588734551213,99.55257270693512,0.0,99.55257270693512,-17.043984342668473,-0.17043984342668475,0.0,29.51155853840417,0.0,7.403053397141935,9.20516654009187,30.57438614322459,49.706579636771586,46.62547884553377,48.56602369499184,47.58456707078854,49.05897546994889,48.486407870517986,-1.333432399294254,2.736424254003402,-24.21325276151941,-25.54668516081367,0.7374972683431827,0.8640496365314272,0.008705541780111535,9.401656291273161,0.31628030605080115,0.025235005823519726,14,5.654420782627157,211
14,0.01252022810004201,-0.0181593557774387,-1022.7792702300538,0.04793573710510008,0.09689847772232515,0.028902905868174435,0.01152809572730244,100.0,1.983524905517697,99.62789723406368,True,True,2.0117324028717046e-06,2968,0.05609174126698517,0.09689847772232515,0.031828490852228435,0.012727660158296836,False,15.502487562189055,1,16,93.78109452736318,-0.06648131089150587,0.3214693994354443,3.2366273833413444,0.32349831401683554,99.55776672194582,0.0,99.55776672194582,-14.123141171744912,-0.14123141171744907,0.0,26.100976598489034,0.0,7.442964046322619,9.564173161792851,34.74746184336057,49.63952293396457,46.38766479834609,48.26817722224762,46.97555382815456,48.90701622004806,48.11753929594796,-0.9606441689572287,2.5442591783626702,-21.420166111340865,-22.38081028029809,0.335748196579118,0.9810318366080364,0.00541658241705897,8.903778234214805,0.26338584135765863,0.022831202288185942,15,8.720561857632935,226
15,-0.0006278872797453733,0.08068041433779673,-993.6812698288218,0.044489316846015564,0.09658856825666369,0.029216256311070308,0.011239054263372779,100.0,1.8897494301199913,99.63563778768139,True,True,3.94163124233582e-06,2981,0.053883908620966425,0.09658856825666369,0.031049898613909898,0.012401553414401042,False,15.5042687964748,1,16,93.80335995593501,-0.05896062963537405,0.3160467304373959,3.061551016061947,0.2821001305397145,98.81575323602313,0.0,98.81575323602313,-13.665282186082054,-0.13665282186082053,0.0,26.43899752134398,0.0,7.482176690698716,9.840480503097503,35.66500232744061,49.54021125521432,46.11721246238142,47.87958439848373,46.374597776871084,48.69763292508239,47.774476450263705,-0.8535288653218338,2.4744902570274743,-20.979044448125375,-21.8325733134472,0.3705783351531247,0.9901425306675564,0.004484956340648588,8.628342394452204,0.2847582959958882,0.02349326538158706,15,7.404477231798877,241
16,0.030882504069826608,0.00897480627320163,-1120.3372797225868,0.053986582571427986,0.09703762832960894,0.03037007846103268,0.012203313169208169,100.0,2.132550161331892,99.64599667648943,True,True,2.035147396949647e-06,2944,0.05977470509169034,0.09703762832960894,0.033462471908407065,0.013478152211233751,False,15.506681514476615,1,16,93.93095768374165,-0.07753094794791385,0.32951993522606,3.220392640256653,0.3723415285690771,99.77728285077951,0.0,99.77728285077951,-15.583086535595102,-0.155830865355951,0.0,29.24090571640683,0.0,7.772941890890622,10.080237005249716,33.540054783685065,49.65906574667148,46.83626252732215,48.21891938957117,46.84560172427667,49.001144928784555,48.13905751373719,-1.1453295635637317,2.53787022530966,-23.17510195204459,-24.32043151560832,0.5737765201753388,0.929097797523359,0.005156210803751622,8.966910259332566,0.26680663815924743,0.021927625652473692,15,13.174432405187313,256
17,-0.025387526739779787,-0.08061826559192964,-940.5006961230058,0.047581062841742065,0.09644476273951882,0.027405575093549583,0.010371692407116308,100.0,1.796820107847451,99.63186767833385,True,True,4.294785715274341e-06,3016,0.05262262373366871,0.09644476273951882,0.02898318618002601,0.0114253174236345,False,15.509269356597601,1,16,93.86586695747,-0.05185885421420912,0.29845595231896743,2.5570735774628712,0.25542727595675346,99.29116684841875,0.0,99.29116684841875,-12.801618669431072,-0.12801618669431072,0.0,25.53162486368593,0.0,7.308103862775112,10.252752692086593,36.78043474959204,49.239081338697055,44.91739936098475,46.70312078992596,44.448839448286975,48.05573982910904,46.50786961700411,-0.7373808818277413,2.26144802171656,-19.869541816267333,-20.606922698095076,0.6797119872273659,0.9055574087186844,0.005924844329730778,7.505682637749941,0.2932249475021429,0.025933806134279445,15,5.599723364367367,271
18,-0.005760411202248572,-0.002391765462658124,-958.180663108626,0.044610197439183555,0.09699292719754017,0.027620687614574074,0.01100303252874916,100.0,1.7889002338051796,99.648673630741,True,True,1.9060400773461263e-06,2991,0.05317884347865868,0.09699292719754017,0.030470998415270116,0.012139882049100938,False,15.505630321340291,1,16,93.82037901675363,-0.058254480808538484,0.3028495688421796,2.818449143823091,0.2814825202257831,99.56056028563582,0.0,99.56056028563582,-13.14749630471168,-0.13147496304711678,0.0,26.718850132747413,0.0,7.370781806374782,10.343545523659799,36.2012220093897,49.31314327763286,45.063815963069985,46.793634849818446,44.19124633993038,48.22842842394192,46.41926251671065,-0.8448531747963561,2.3742152993454875,-20.360588392466376,-21.205441567262735,0.39976974479146804,0.9720643271319065,0.005672053702192378,8.137527152000482,0.2850101715771109,0.02277434949416156,15,6.38497207231509,286
19,-0.018283929310356585,-0.012379431140613323,-935.6632160202158,0.04634622812132673,0.09728147791474186,0.026810821379293283,0.010659838928749886,100.0,1.7780601046979427,99.62745485371613,True,True,1.969877408352845e-06,3005,0.05279144066922224,0.09728147791474186,0.02951860164088158,0.011756099437185788,False,15.50752393980848,1,16,93.84404924760602,-0.05827471802227083,0.2918626861657748,2.587915497219966,0.27980493500250475,99.56224350205198,0.0,99.56224350205198,-12.789045644661117,-0.12789045644661118,0.0,26.274509803921568,0.0,7.068850162671687,10.425291423049499,36.002858604383064,48.947860542999734,43.55996797951072,45.79459222360222,43.067879606931626,47.49425765847583,45.05871326523431,-0.8411115006161028,2.2750452730528097,-19.63413583445596,-20.475247335072066,0.3760622679188613,0.9860551119375384,0.006903025299969658,7.616523092633581,0.3032125131367468,0.024805570302464573,15,5.6800999314232135,301
20,-0.00160786365404543,-0.027536196056406823,-974.1997459092196,0.0442398041568657,0.09797718378409655,0.0278771713826576,0.011126630043907463,100.0,1.916449749842286,99.63443742658922,True,True,2.193090682051101e-06,2985,0.05344946519361528,0.09797718378409655,0.030629343329153184,0.012280110519753975,False,15.504950495049505,1,16,93.81188118811882,-0.06316514666417831,0.2948459826805151,2.838738038926885,0.30418728600463635,99.55995599559957,0.0,99.55995599559957,-13.384816579690408,-0.13384816579690406,0.0,27.562339567290064,0.0,7.116380569128493,10.545622543210374,35.035366826105,49.04398674961404,43.50216905283493,46.091439859043824,43.62741273490884,47.66545173887206,45.003800828547945,-0.911502829074984,2.3827454916238473,-20.31199103594385,-21.223493865018835,0.5479818061452201,0.9481281154496932,0.005424999655072579,8.22419963867708,0.304801859869888,0.024543994824562914,15,6.25227435946315,316
21,0.009277710511048434,-0.027249671202371054,-1009.4505096882788,0.04673043660772713,0.09776680643745365,0.028704648111488252,0.01152468223745075,100.0,1.823900267481804,99.64131493880599,True,True,2.181695952564644e-06,2971,0.05526747160894188,0.09776680643745365,0.03154026264159155,0.01272272242284028,False,15.502899751449876,1,16,93.78624689312345,-0.06817062752672609,0.2988108155348629,2.9413592687383994,0.32827643795172484,99.55813311239989,0.0,99.55813311239989,-13.926920138495662,-0.13926920138495663,0.0,28.41296142870294,0.0,7.176208100357211,10.793736458108205,34.36730221056297,49.02115729924317,43.08510128542556,46.063246213839584,43.753810268049904,47.606739702137865,44.827932342667246,-0.9843858395137998,2.4254316188004146,-20.880917729269903,-21.86530356878369,0.4801900143515581,0.9326049269377368,0.00436487781364781,8.537383684472726,0.29399960852183676,0.025979074880040892,15,7.347036007235409,331
22,-0.017572744109493242,0.08037625200433123,-957.3121784460445,0.04596130025045671,0.09752208235033917,0.028246344256047246,0.010819987947246068,100.0,1.676199957728386,99.648098169518,True,True,2.853350406455862e-06,3002,0.052951935293984204,0.09752208235033917,0.02975679495293606,0.011928269334118924,False,15.506984387838948,1,16,93.83730484798686,-0.0643160049144914,0.28784300442734584,2.552362962199517,0.3099712974429516,98.00054779512462,0.0,98.00054779512462,-13.096443658368845,-0.13096443658368848,0.0,28.613165342828445,0.0,6.902276373544073,11.131706481869251,35.226776458266805,47.830202901083375,39.9886693328708,43.948243977972076,41.44911977113449,45.58970876954269,42.13163340004335,-0.9177646159630953,2.2593640530908323,-19.593834768620418,-20.51159938458352,0.5540628752757739,0.93455382847149,0.00446555718090142,7.755020199511934,0.3082175358997688,0.02634284335532993,15,5.575948665332608,346
23,-0.021563217545475,-0.08227736852325518,-945.4373375927937,0.047054808742109704,0.09774438587812088,0.027496776129966434,0.0105491102702881,100.0,1.6635594889521597,99.63325406415798,True,True,4.409042708577392e-06,3013,0.05270886859061945,0.09774438587812088,0.029082659290697328,0.011626845034395655,False,15.508867667121418,1,16,93.86084583901774,-0.05999510807941706,0.2821741853140539,2.448849396444284,0.29083495617466887,98.44474761255115,0.0,98.44474761255115,-12.879068788536138,-0.12879068788536135,0.0,26.58026375625284,0.0,6.888182420785291,11.440822027607632,35.63842779062346,47.6010228731424,38.33502361269386,43.40734707015796,40.094497319827084,44.99205661953236,40.90054008648289,-0.8575983202040842,2.213074511372938,-19.32796379585966,-20.185562116063743,0.3561412660208932,0.9722722472003811,0.007481887334896268,7.508407980322727,0.3647262330451818,0.02947261433444103,15,5.577658868795817,361
24,0.040963994309743165,0.005028517191204146,-1206.5036919345737,0.0575307270359378,0.09919698082911049,0.031048251973212863,0.012700004114034151,100.0,1.8091002479195593,99.637303166587,True,True,2.0824719987718167e-06,2930,0.062098287937539,0.09919698082911049,0.0341870899662303,0.014029298778635233,False,15.530332681017612,1,16,94.12915851272015,-0.08930879970177825,0.31394225233788325,3.2824952238442955,0.44147840189435034,99.55269779144534,0.0,99.55269779144534,-16.852588575091477,-0.1685258857509148,0.0,30.87783058428851,0.0,8.064119982467687,11.958268978336417,32.91543825075234,49.274704965018486,42.50824935298576,46.942487985738886,44.002638735163735,48.10693946085202,44.866315084395474,-1.2878569756702392,2.5622237309978595,-24.49950664801909,-25.787363623689334,0.7833066865304175,0.9131696638318727,0.009622373895890676,8.952979080293458,0.3435337225215702,0.023534890648876896,14,5.35009462121702,375
25,-0.03542090733587299,-0.01963314925226685,-937.7745990623685,0.049090046056313306,0.09846585820260234,0.025466197315315683,0.01011616734723209,100.0,1.6422998160123825,99.62458067913165,True,True,2.003081814673754e-06,3031,0.05261889970797084,0.09846585820260234,0.027923972952275628,0.011147411881332076,False,15.511002444987776,1,16,93.8875305623472,-0.060662940347897966,0.2883043391429213,2.1732245030592106,0.29202680045853,91.306710133116,0.0,91.306710133116,-12.727541480508926,-0.12727541480508928,0.0,30.227293307977906,0.0,7.35896244257423,12.69490042006095,38.13882777989079,45.90420475336992,35.90917014043763,40.99418130622413,37.741267006149485,42.92673003926984,38.73966341559278,-0.8717235640368595,2.0848139020350045,-19.295198282036193,-20.166921846073052,0.5485124296668403,0.9413691486662821,0.006022630802900546,7.014294158095143,0.2995873407841123,0.02916032470996809,15,5.317837050304379,390
26,-0.037573076155680875,0.08328001737774239,-956.9805642804006,0.049099411487943195,0.09840323309207351,0.02698501569375113,0.01012902569277717,100.0,1.6200998798012733,99.63474404244289,True,True,2.5765885777575486e-06,3029,0.05282102869454548,0.09840323309207351,0.027986957524694378,0.01114930641103139,False,15.510337323177367,1,16,93.87921653971708,-0.052908407576220014,0.30274554914439394,2.242603998266029,0.2528430365713974,97.0892274211099,0.0,97.0892274211099,-13.004010526572586,-0.13004010526572585,0.0,34.50761697497279,0.0,8.30502879675879,13.383054921465027,40.356617689939974,47.482274751768664,37.77912763392665,43.53165792036152,40.60193550874006,45.104364308835365,41.637046326954376,-0.7490927310912585,2.1178309650517573,-20.579100212427004,-21.328192943518268,0.4871963598463062,0.9334584076806205,0.006112116875409425,7.02924959277064,0.37186383171666554,0.0293043690706233,15,5.601777375186965,405
27,-0.028475244614509267,0.0769313868362445,-954.5663352044902,0.047953574999975886,0.09865749006452681,0.027079493950879514,0.01043821345934151,100.0,1.6768999397754667,99.64053725626847,True,True,3.2102057270296986e-06,3018,0.05301973578971636,0.09865749006452681,0.02858949139245679,0.011493315173035975,False,15.508867667121418,1,16,93.86084583901774,-0.0419887177243575,0.30492353274355205,2.2572189103008324,0.21189319347170277,98.2537517053206,0.0,98.2537517053206,-13.007775608510931,-0.13007775608510933,0.0,37.0668485675307,0.0,8.937750621900154,13.719385027118038,41.417064361332365,48.883894170228466,39.26312674585279,46.13804336660578,43.54019806274411,47.124085905050855,43.90745076213424,-0.6046082017350431,2.124720645308852,-21.579874768344474,-22.184482970079518,0.5273891761938969,0.9549020613454253,0.006382486837554537,6.920961429719965,0.30946264648860733,0.025186952120613344,15,5.971108559524643,420
28,0.02045673045775334,-0.062656336247798,-1085.7927031927652,0.05065604823802239,0.09962486979449083,0.029741939311426806,0.01189696232939102,100.0,1.6959751956164837,99.64633432037634,True,True,3.476503548081954e-06,2959,0.05805962840091503,0.09962486979449083,0.03207439986912892,0.013123446192044901,False,15.500831946755408,1,16,93.7603993344426,-0.050017126552214616,0.32097394258127476,2.920259948221202,0.24943653952432676,99.55629506378258,0.0,99.55629506378258,-15.03868042816776,-0.15038680428167758,0.0,42.95618413754853,0.0,9.72761296057523,13.93883424184949,39.51838087401788,49.70569477639087,42.17059960223484,48.56926369240353,46.97635586902252,48.90919229111288,46.442604853879295,-0.7209166245223777,2.4167167596643186,-24.615413752871735,-25.336330377394113,0.5580188288618709,0.9504730631029646,0.008304776086498655,8.698519922450629,0.23635429769241154,0.024969873093339187,15,11.073136072080521,435
29,0.018096188059921567,0.08662523694145581,-1106.1822876692618,0.05115689821124111,0.10029849022326712,0.03025526573126748,0.012013450769351071,100.0,1.7217397689819336,99.63418156543833,True,True,4.995913609227701e-06,2958,0.0585187855272,0.10029849022326712,0.03217717482077663,0.013262636764996555,False,15.501246882793017,1,16,93.76558603491272,-0.0549974033619083,0.3151973849481548,2.863520176104547,0.2706020345781397,98.61457467442504,0.0,98.61457467442504,-15.303336549750034,-0.1530333654975003,0.0,38.962778239586214,0.0,9.534894794281692,14.2457407240443,38.81654187427173,49.461654983253794,40.28506295895344,47.673134449782,45.64549579539371,48.22663740453322,44.90791187492759,-0.8021226986613974,2.393123555566886,-24.5639985786616,-25.366121277322996,0.6516544977793649,0.9148383928638018,0.007952362460930378,8.896219212852582,0.23448334199497972,0.028290108321368045,15,9.962688016796328,450
30,0.03721624806932486,-0.045307070928182404,-1209.8482146154633,0.0567707061038094,0.10114530504625899,0.030855533897657075,0.012744648985340928,100.0,1.7318753525614738,99.64004271377007,True,True,2.756639394568443e-06,2941,0.06212310314464676,0.10114530504625899,0.03358090355325973,0.01405802423629266,False,15.523424428332405,1,16,94.08812046848857,-0.07183131698248117,0.32213612304152767,2.7811745204417453,0.3579533899824969,99.38650306748467,0.0,99.38650306748467,-16.85459737444757,-0.16854597374447572,0.0,40.11433351924151,0.0,9.68655391181746,14.578813095262216,37.11476368808733,49.17219394238713,39.7597915532091,46.94995689148068,44.90447038876512,47.664378339889666,43.92709893089977,-1.068138741101877,2.3584632795283227,-26.09892384934284,-27.167062590444715,0.7562221064577271,0.8809348935043232,0.010811118634464227,8.782552967260559,0.25264848857928657,0.0285522809800055,15,12.779883809471974,465
31,0.043599500471498354,0.03758644846488865,-1300.9064308734442,0.06029505661248698,0.10266065847179619,0.031109401959017922,0.013076208115890166,100.0,2.064550435170531,99.64334246869704,True,True,3.0132419776333366e-06,2942,0.06474727713990948,0.10266065847179619,0.034064389269650504,0.014437859661385824,False,15.511142061281337,1,16,93.983286908078,-0.08862609885429844,0.33609648360859207,3.151880312834836,0.43892755892594154,96.29526462395543,0.0,96.29526462395543,-18.103005461835576,-0.1810300546183558,0.0,38.61652739090065,0.0,9.645475203564779,15.060815907894323,35.786414152668286,48.171760054665484,37.929833435025024,45.35067046810436,43.381984462482954,46.13619275702252,41.72487568580405,-1.320341787227843,2.5107291024062457,-26.952896600414487,-28.273238387642326,0.9761249610167259,0.8727538448407755,0.0098800704926073,8.784821650071708,0.37054504584505255,0.029916378368853032,15,13.066271456385486,480
32,-0.018152338312495866,-0.021851887420571453,-992.0483433885721,0.04789699174766625,0.10265425423928103,0.026164845029034416,0.010889396041006524,100.0,1.7684599850326774,99.63118524343541,True,True,2.2319514829238003e-06,3029,0.05449095576949088,0.10265425423928103,0.028745734546071492,0.012002507208311565,False,15.51086956521739,1,16,93.88586956521739,-0.055332470242633616,0.30110894677396915,2.364088723954542,0.26237269602909197,96.57608695652173,0.0,96.57608695652173,-13.467347956677147,-0.13467347956677148,0.0,32.6856884057971,0.0,8.565131565029407,15.553492795804358,40.18067032263368,46.560382570639,31.5177556616768,40.223149521565944,37.51719062051628,41.57456448302625,35.04887694401702,-0.7969429198327191,2.174437271550753,-21.316547225954785,-22.1134901457875,1.0571298294070124,0.8614432371260778,0.007328738150529448,7.020800499112762,0.3545828629907177,0.02793776434357023,15,5.3598625311955415,495
33,0.04498249515976864,0.028590170896501524,-1312.2740566273042,0.06063608112419536,0.10293698406737517,0.03136001922781922,0.013318517857362289,100.0,1.8564596772193895,99.63926940226425,True,True,2.6483957325358e-06,2937,0.06487746325773536,0.10293698406737517,0.03443426679036364,0.014709565919407211,False,15.527196652719665,1,16,94.11436541143654,-0.08347725005644982,0.3317412562608913,2.8463539985935604,0.3964855994139878,97.93584379358438,0.0,97.93584379358438,-18.288011382903793,-0.18288011382903793,0.0,41.64574616457461,0.0,10.378232456518095,16.072429869022226,37.266347815550695,49.05186067120868,37.347739961810575,45.9765329907298,44.28066118354815,46.6978528903892,41.329016665476644,-1.2684365223824274,2.385939646593585,-27.848804792691308,-29.11724131507373,0.9874027239938715,0.9033561641659876,0.006324936513765966,8.392969063791694,0.36790080357033017,0.023856883958979884,15,13.23169806195013,510
34,0.02177992811011535,-0.03956652180245409,-1147.1358661311046,0.05278793777076341,0.10337690463028622,0.029428264251204525,0.012388604612805137,100.0,1.922429632395505,99.6484977909575,True,True,2.722389653182881e-06,2974,0.060123120008486214,0.10337690463028622,0.03216766853591832,0.013671097426634412,False,15.503174165056583,1,16,93.7896770632073,-0.060256919885739585,0.32022994833289015,2.821562910577795,0.2953342508148246,97.3502622136351,0.0,97.3502622136351,-15.817299896507187,-0.1581729989650719,0.0,39.677063207286785,0.0,10.167375804531336,16.60940225632342,40.148747780019285,48.88279551658007,34.771111773722,44.97768888276908,42.96084771503549,45.78931575935028,38.95480875292663,-0.8723299459466739,2.375526430321412,-25.324266301504192,-26.196596247450863,0.7163642376671424,0.9327775306035447,0.007147858161667567,8.371357346666548,0.3250417307550532,0.025511259393251575,15,7.983797919939979,525
35,0.04739887657751836,0.04506571377395559,-1350.3262290994512,0.06193809504704475,0.10304661711632633,0.03172220090201751,0.013408836276935959,100.0,2.240239828824997,99.63635067471756,True,True,3.31811534587554e-06,2940,0.0659012751761108,0.10304661711632633,0.034655615083542486,0.014806518068476677,False,15.513792142658122,1,16,94.0094733909167,-0.08280696214710626,0.3409801973726662,2.894635771363556,0.402982621362186,96.74003900808025,0.0,96.74003900808025,-18.79535252665497,-0.18795352526654974,0.0,41.836166062970186,0.0,11.027714468271485,17.245076846417742,38.23066285805965,48.70260928333019,36.07266094420291,45.443255598857,43.99756535310072,46.030181521058054,40.315059712929965,-1.2450719651135476,2.40609051008625,-28.845208646301728,-30.090280611415277,0.7599011500978379,0.9100998267929584,0.008910269332452831,8.624343118030218,0.31421176241254706,0.022805235160080872,15,13.792608723233203,540
36,0.006256110890672538,-0.030039912200499758,-1069.7574584004974,0.04757396035467995,0.10242466781580636,0.028369864837746825,0.011936729019573423,100.0,1.7574005760252476,99.63946449619573,True,True,2.4763314475978085e-06,3001,0.05673844110307744,0.10242466781580636,0.031126479583680762,0.01316598715508854,False,15.506984387838948,1,16,93.83730484798686,-0.04867979492731088,0.32214652669081956,2.529433048671467,0.23108362567829333,95.64502875924404,0.0,95.64502875924404,-14.637414477282087,-0.1463741447728209,0.0,36.33707660001826,0.0,10.26890398403191,17.71119478028138,42.37873378582857,48.41067432508353,31.190679414612276,42.9546652833575,40.82170247252234,43.95599876852137,35.474581894303384,-0.7067554915816187,2.24919232111061,-24.231266644087007,-24.938022135668625,0.8095928213423088,0.9105739404177545,0.007670072181514822,7.826808166367953,0.23422045419908122,0.02241862146666087,15,6.457821550564336,555
37,-1.9490705300419242e-05,0.08499936983555188,-1061.189612516264,0.046008561552255,0.10267045046435733,0.02943015886810677,0.011978054431906757,100.0,1.8271200358867645,99.64559133228843,True,True,3.131454117254497e-06,3002,0.05552560470806422,0.10267045046435733,0.03102468303865978,0.013209485636817429,False,15.507254311524774,1,16,93.84067889405968,-0.04704133682878982,0.31434285039962273,2.405775099998191,0.2392006788283087,95.83903640843143,0.0,95.83903640843143,-14.509901641267204,-0.14509901641267203,0.0,36.54986768865772,0.0,10.383361468674577,18.121063793534105,42.97167706256175,48.47975465195668,29.79770336289843,42.78950771444837,40.68573935405019,43.49711681035241,34.638682259613084,-0.6826994394554259,2.1935246066539538,-24.163267944040474,-24.845967383495893,0.7749400448293904,0.9151669215173774,0.007720066519153205,7.508580049610698,0.2418327681129639,0.021822590528717312,15,6.293376918103739,570
38,-0.004657363959845763,-0.06291591518016426,-1011.3785592293418,0.04564887444375441,0.10127141264052332,0.028368411147520107,0.011651940720786357,100.0,1.769434986636042,99.64037710435798,True,True,3.4686468435972352e-06,3017,0.054287970755542606,0.10127141264052332,0.030578243243275686,0.012846640935583806,False,15.509269356597601,1,16,93.86586695747,-0.04003316846575046,0.30948295361652534,2.2220449083005973,0.18940572922852228,96.10141766630316,0.0,96.10141766630316,-13.770562077377678,-0.1377056207737768,0.0,35.75063613231551,0.0,10.184178891743864,18.474246930758166,43.799777077739996,48.251260959643034,27.44617429081488,41.653163862454306,39.212228738606164,42.21165790551654,32.764840693387484,-0.5585371049540504,2.1081009977231155,-23.251668321662954,-23.810205426617006,0.8730992781316663,0.9020396827730706,0.008218596008862239,7.183475759145815,0.24745715330878665,0.020480314334216234,15,5.664091514457489,585
39,0.011152382285716265,0.01603132396654683,-1081.6548009477087,0.049265112805990316,0.10137233846030527,0.029290646734177868,0.012293059692845859,100.0,1.945380214601755,99.6354372884955,True,True,2.2959701702872608e-06,2997,0.05759856527949764,0.10137233846030527,0.03226652071236815,0.013560751934211603,False,15.506443652316973,1,16,93.83054565396216,-0.05036437108990736,0.3153314338439227,2.359952259712073,0.23970372681468072,92.87085275568961,0.0,92.87085275568961,-14.817266787880248,-0.14817266787880248,0.0,35.87423453066447,0.0,10.575377875895958,18.809203401896795,43.17392567956682,48.21379009795204,26.64008829631324,42.63712062845791,40.25095298214934,43.26666879371164,32.89578335872295,-0.7226897569123516,2.1725341238802547,-24.494825776061013,-25.217515532973366,0.6544652715042045,0.9275089916848287,0.0068689133399877774,8.087874466723846,0.2064343496732049,0.019895036822165504,15,6.458277952862708,600
40,0.0342089928214082,0.0697604497780183,-1245.002378534668,0.057357665961910484,0.10287138127984899,0.03219655809765827,0.01351992368619103,100.0,2.2929999977350235,99.629885326779,True,True,3.7584568928675455e-06,2960,0.06264537692995512,0.10287138127984899,0.034773432684796955,0.014928131611752984,False,15.501523123788424,1,16,93.7690390473553,-0.06597548712599298,0.3245774467985366,2.605964424339102,0.3143457786656378,92.4674605372473,0.0,92.4674605372473,-17.221284718583895,-0.17221284718583896,0.0,38.36887288839656,0.0,11.555332618286052,19.28247445609541,42.091986311287805,48.836617128503,28.551228381993315,45.1123478076014,43.694910523631556,45.41442997983139,34.975695285580386,-0.9437960215664516,2.2829649249776494,-27.452571453458017,-28.39636747502447,0.7230768315354728,0.9170854523438113,0.00510439675313913,8.608177898700864,0.2719746142334425,0.019654225819823665,15,9.875504243347049,615
41,-0.020294036921232963,0.02857261308621721,-957.5716751487818,0.046403672309654566,0.10195322006424874,0.027746020620873467,0.011845274193103012,100.0,2.0429393276572227,99.64054420641806,True,True,2.030009504754988e-06,3035,0.052465624632521767,0.10195322006424874,0.030354020741574395,0.013052146209129773,False,15.511533242876526,1,16,93.89416553595657,-0.03600126741648552,0.29902229297611493,1.869805210253712,0.1743984457710927,94.40976933514247,0.0,94.40976933514247,-12.982254975033031,-0.12982254975033033,0.0,33.889642695612835,0.0,10.28884938930374,19.858970889052582,46.061683356316536,46.07313930506093,26.132972985675874,38.628372284360644,37.523364172400406,38.82830009208397,29.54772215355347,-0.516763261377103,1.9338072345783133,-22.337111107540125,-22.853874368917225,0.47165359905312704,0.966590015493118,0.003999087588322725,5.49044179758083,0.5028056212220894,0.01701904903573193,15,5.285378628521562,630
42,0.02989656126892512,0.053441375521104714,-1190.2024763146655,0.05475172929121455,0.1029283952700429,0.032499243620254636,0.013988849983384982,100.0,2.2766550071537495,99.63361850051956,True,True,2.9510337940877443e-06,2953,0.060333621029415564,0.1029283952700429,0.03543135504200568,0.015452695474862997,False,15.500554938956714,1,16,93.75693673695893,-0.04293181080991218,0.3152838682108787,2.252909042855795,0.21079773042590721,99.38956714761376,0.0,99.38956714761376,-16.49738704022127,-0.1649738704022127,0.0,39.75212726600073,0.0,12.845054777486466,20.399836952639063,45.27028569217234,49.84740458346667,32.2449674521827,47.58180937944579,46.92427883239033,47.5855668811941,35.9686416802311,-0.6266658090433588,2.122691236546566,-28.374141185743607,-29.000806994786966,0.8796653998912244,0.8777159522686826,0.0056093880634111104,8.405318809956759,0.21429777182328444,0.01693149670924244,15,11.721144524335378,645
43,-0.03150694152681323,0.021816483306387066,-947.9109076888378,0.0476535574515901,0.10258296718101348,0.027280264391714333,0.0119389380319166,100.0,2.2152803838253017,99.62970889014173,True,True,1.9046728102888056e-06,3047,0.05165356975574934,0.10258296718101348,0.029892201475581588,0.013150765271115956,False,15.51311874492832,1,16,93.913984311604,-0.03060647954356922,0.29386046466914595,1.6865897316743177,0.14019134530047986,82.63456856911009,0.0,82.63456856911009,-12.810001975827419,-0.1281000197582742,0.0,35.33044811108105,0.0,10.908801323615489,20.767930659031286,48.37678886090183,44.62649051232728,27.973792003900456,39.01154464144651,38.49781601611753,38.869076420199875,29.815064732483062,-0.43412547555399345,1.836621752933531,-22.549659827529382,-22.983785303083373,0.5351434270673321,0.9772254271773532,0.005830701469014694,6.0326795169262635,0.35349098426845305,0.017229380967759993,15,5.1974307041863534,660
44,-0.03578400438101431,-0.07583912624174946,-963.0606664686522,0.048934007043858745,0.10226806572002155,0.027436634392076116,0.011447577760987808,100.0,2.1476000547409058,99.64204792629728,True,True,2.836128038385334e-06,3059,0.05173628160476023,0.10226806572002155,0.029054118864969707,0.012602842047225758,False,15.514955537590946,1,16,93.93694421988683,-0.033649263516998075,0.2984270726571178,1.7941159408198952,0.15737297951465729,74.45432497978982,0.0,74.45432497978982,-12.962604831075318,-0.12962604831075317,0.0,35.82143177939459,0.0,10.992700327964092,20.863924218019086,49.07206502808515,44.59456595279215,28.09586731379132,39.3692807683448,38.91658736947354,38.97211620685716,30.33424378323091,-0.4622271407816147,1.8942628860957476,-22.40113661748838,-22.863363758269998,0.833334500035913,0.8805817697645179,0.00575728579532669,6.923435675237368,0.2875494635042309,0.022125881699758418,15,5.05276326496805,675
45,-0.03456046869811557,0.06929320966108228,-956.2680548638951,0.047838985370371366,0.1018023016466241,0.028144724768070534,0.011668972719423165,100.0,1.996099762618541,99.62728263209404,True,True,2.0646255174981246e-06,3047,0.05178580972885216,0.1018023016466241,0.029643022197849575,0.012852206529403557,False,15.51311874492832,1,16,93.913984311604,-0.02863050966175377,0.30232975684204066,1.7762463792493783,0.14882538676332657,89.15336759534758,0.0,89.15336759534758,-12.922478239509287,-0.12922478239509289,0.0,36.41691461545397,0.0,11.277670731208556,20.850988809348507,49.09478896025785,46.675833081227104,28.243648887662914,41.378999006927216,40.64726910138599,40.573549952450556,31.182261050672142,-0.40107455285981775,1.8848057614774945,-22.971217455151525,-23.372292008011346,0.6135037294248701,0.9515525666418808,0.004725423413362697,6.149131189912071,0.35754526984031837,0.02491980115916407,15,5.419236876106061,690
46,-0.023520965421548946,-0.0004261959825305195,-949.9225476866966,0.046874354261223966,0.10228640716272412,0.027449200906908784,0.012024536774460668,100.0,1.9308095332235093,99.64763460416286,True,True,1.8960482773715263e-06,3038,0.05204735663030815,0.10228640716272412,0.03023807401026711,0.013248597210592183,False,15.511930585683297,1,16,93.89913232104121,-0.020195662440071142,0.30057977326985785,1.7163364942003168,0.10209703591551321,99.56616052060737,0.0,99.56616052060737,-12.868462353367965,-0.12868462353367965,0.0,36.42443962400578,0.0,11.590478510447095,20.916763696178673,48.96257082256825,48.79636028648216,28.645427282587367,43.904582321324185,42.88059208058178,42.70589327817762,31.86024481456743,-0.2881596260908004,1.8527474162444901,-23.672119980074065,-23.96027960616487,0.8441550170706525,0.8718146313314313,0.005628999904492773,5.31962002059037,0.5482838998692764,0.01875430398658898,15,5.536108608228836,705
47,-0.012505299890818965,-0.00141476691092296,-960.3517888609065,0.04500069702709932,0.10194147058215089,0.02847972658500872,0.0125575758373766,100.0,2.179189305752516,99.62903693925183,True,True,1.9248372356520005e-06,3016,0.05210156512015287,0.10194147058215089,0.03140166009992341,0.013846677881713792,False,15.509135533133351,1,16,93.86419416416689,-0.01897553612511062,0.2928140997161416,1.7678721438680653,0.0973277943178283,99.04554131442596,0.0,99.04554131442596,-13.084176174372598,-0.130841761743726,0.0,36.064903190619034,0.0,11.692645114584803,21.0015396190543,48.30097066767237,49.43136805023785,28.883097925319063,45.470681239465534,44.39884283633636,43.986155021958176,31.746398302250107,-0.279743912374528,1.8803574893450796,-24.207888481236342,-24.48763239361087,0.487241750218063,0.9502287828172713,0.00507071080398232,6.111580157619133,0.3330870506334309,0.02271480856057549,15,5.738155967022966,720
48,0.03195475642039029,0.029156756933879313,-1190.5754891930142,0.05503678665388455,0.10256159589818975,0.03246150398575791,0.014321431452279253,100.0,1.7849300988018513,99.62620730839207,True,True,2.380382609919053e-06,2948,0.06037348403596418,0.10256159589818975,0.035714560700254444,0.015821147324386227,False,15.5,1,16,93.77431906614785,-0.04170030566093524,0.3052360767267943,2.149134760565858,0.21463050070511955,97.66536964980544,0.0,97.66536964980544,-16.532102048501205,-0.16532102048501207,0.0,40.66611080229756,0.0,13.091799907159606,21.314303723901364,45.71155353728217,49.91135112505695,33.023521019729806,48.61490665353774,48.14311664013563,47.61128764682314,35.28908980517859,-0.6021450778462453,2.073226837837991,-28.640024007239184,-29.242169085085433,0.7724026611363587,0.9122986796026382,0.0074577420392150555,8.328153325121875,0.20975339978326185,0.02116703761635054,15,12.344161107029874,735
49,0.008076510493141807,-0.0022142053144974527,-1028.6055475914134,0.04601987176091183,0.10284387592295029,0.03037171687728032,0.013483024367467563,100.0,1.7143795266747475,99.6261500289073,True,True,1.9636070782381405e-06,2984,0.05435766596589978,0.10284387592295029,0.033515156778151006,0.014879226203493915,False,15.504678040726473,1,16,93.8084755090809,-0.027588866106418454,0.2815769341135917,1.8406651224497053,0.14265425077720995,96.83544303797468,0.0,96.83544303797468,-14.141680671098525,-0.14141680671098528,0.0,37.03448908457163,0.0,11.962939883042454,21.584404115204613,47.032161246737985,49.70237834448914,30.277843712664946,46.664947946235564,45.839830649184826,44.51997694110083,30.41383464940698,-0.41787037967128327,1.918679297042476,-25.435658421655393,-25.853528801326675,0.648132720971239,0.9224863365591554,0.007565172436225351,7.5845039675034105,0.23001656633032297,0.02229759041143986,15,6.440303246330584,750
50,0.04867293828797957,0.0835473007494756,-1341.9031875605965,0.06085220683742643,0.10122895653317104,0.03503477016144656,0.014991664910875335,100.0,2.317584678530693,99.64844829864988,True,True,4.661502304782645e-06,2920,0.06373871198305829,0.10122895653317104,0.03764051771503282,0.016570785339991196,False,15.529411764705882,1,16,94.11764705882354,-0.05942056619790498,0.3049143449223529,2.171413118582269,0.2907118474039184,97.61904761904762,0.0,97.61904761904762,-18.77303022760197,-0.18773030227601978,0.0,40.65826330532212,0.0,13.689336265695697,22.1397913741397,44.27080956299886,49.91975278760436,35.63847343688999,48.7668296100501,48.44724031154239,47.417461813904744,35.28519932851247,-0.8482211219957889,2.0839448738305286,-30.921811461828607,-31.770032583824406,0.6838281176074815,0.9001598591424602,0.005985212027381979,7.824530286242072,0.3155469954740517,0.022268144443799806,14,3.9812998865843143,764
51,0.04094723445374003,0.07801463013928724,-1274.463163198222,0.05824421454280064,0.1011981220366241,0.03438736483425729,0.014780009670917986,100.0,2.213199622929096,99.64795760560133,True,True,4.249727890165741e-06,2931,0.062178579848541755,0.1011981220366241,0.03703813359907965,0.01633343281903424,False,15.530857302429489,1,16,94.13571628036861,-0.04307874116089191,0.302799373602324,2.0413857128493285,0.20025738155984146,98.49204132923764,0.0,98.49204132923764,-17.77525804724935,-0.17775258047249345,0.0,41.54798473424554,0.0,14.08466774294285,22.777411595319474,45.943669424147984,49.9349234056616,36.59227621162425,48.87543338178771,48.63688663585933,47.458217871645864,35.59797248809915,-0.6196336795363854,2.0205869012983966,-30.656384044805858,-31.276017724342243,0.7477712564751592,0.8936676068998944,0.005428866333517804,7.608074647640954,0.29385247431901795,0.018642236704093814,14,3.8845718057339966,778
52,0.01601344100467457,-0.00490919493095468,-1069.4882683406418,0.04883011275983838,0.1014937118354726,0.03145303798773041,0.013940943147179634,100.0,2.1900000981986523,99.63295783461041,True,True,1.9819917899292896e-06,2969,0.056174821458336036,0.1014937118354726,0.03471807091989434,0.015391504310861346,False,15.502625034539928,1,16,93.7828129317491,-0.021053190828951976,0.28335608979605864,1.7694099362461029,0.10575403052528838,99.17104172423322,0.0,99.17104172423322,-14.764955485905473,-0.1476495548590547,0.0,41.498572349636184,0.0,13.228350437830388,23.15674248672915,48.47623342740704,49.86383148751773,33.75432254985664,47.87914961976574,47.52140423292058,45.42694829716969,31.29835005006174,-0.30909308679461434,1.881175130734033,-27.288321518708315,-27.597414605502927,0.7537578452969288,0.9135244859946372,0.00615334010595617,7.237433211018611,0.269978028802002,0.01983708393202098,15,7.732717589373304,793
53,0.046968442486918185,0.044316194007171614,-1314.7395845725823,0.05986016412681591,0.10239068221680764,0.034390306133852896,0.01525476590722165,100.0,2.246899716556072,99.63599178954281,True,True,2.9293410986147637e-06,2927,0.06309731189956247,0.10239068221680764,0.03768675805931234,0.016861390302009557,False,15.530332681017612,1,16,94.12915851272015,-0.04854153879561233,0.29550476563077444,2.009952223883792,0.22277967651897884,98.57422421023203,0.0,98.57422421023203,-18.36263543109857,-0.1836263543109857,0.0,44.893299785667686,0.0,14.585971550433047,23.58367354970282,46.370322012377834,49.940155593571234,38.32985784051177,48.9677851351424,48.81845736579419,47.251657627352024,34.21458337365866,-0.6931691030855903,2.004969936873764,-31.455402760713092,-32.148571863798686,0.6558933468983627,0.9165371817946428,0.004813291701823085,7.701987922685567,0.29936465625233605,0.017211291268498213,14,3.795864068912617,807
54,-0.03482541266768683,0.009795393531080457,-928.5752061927017,0.0472133457179312,0.1017859303996009,0.027776739729972775,0.012582606543643978,100.0,1.98258007876575,99.64805912349512,True,True,1.8931383473790149e-06,3054,0.05041775362338502,0.1017859303996009,0.03052222633148075,0.013857040047679903,False,15.514038876889849,1,16,93.92548596112312,-0.02849325230793738,0.26502900558692205,1.5169873476102043,0.13789869704681854,73.46112311015119,0.0,73.46112311015119,-12.52501534613427,-0.1252501534613427,0.0,36.97354211663066,0.0,11.141814429319671,23.799526824611053,50.17688079762062,40.227918073110374,29.792293124504535,37.37053914320538,37.23631763068258,35.50952112538872,25.99776813067185,-0.41066233993660667,1.7418308457540903,-22.2050758281651,-22.61573816810171,0.45249988114036266,0.9748723424077789,0.004477708768778105,5.880788410224258,0.3593299716422415,0.017173326887927255,15,4.307697605724194,822
55,-0.017490054988749837,-0.0847636178910887,-935.9530304518928,0.04495980996693963,0.10164506415348343,0.02987162940257168,0.012902444137456733,100.0,2.174625545740127,99.63871523062933,True,True,3.855695154012557e-06,3033,0.050447981618975145,0.10164506415348343,0.03161782590562572,0.014215515870528838,False,15.511400651465799,1,16,93.89250814332247,-0.016569797496536406,0.26763755237057263,1.5316676835392558,0.08245600643682227,89.03365906623236,0.0,89.03365906623236,-12.686184698077383,-0.12686184698077385,0.0,37.68096272167932,0.0,11.64628253711831,23.755518213744807,49.79295465427024,46.04935776167461,31.35268179770287,40.43918516212752,40.18558837059289,37.5036004315755,26.788377879776455,-0.21936891314530438,1.7502386600342572,-23.38941847894444,-23.60878739208974,0.6892701746644025,0.9335586692351457,0.005113380236913196,5.770582094781104,0.49488171252117846,0.023605151266985463,15,4.597787515974147,837
56,0.009091646466813173,-0.06356159663616379,-1009.6860698525136,0.04477461075650823,0.1022080551007121,0.0315947687438815,0.01383241048525895,100.0,2.2598506417125455,99.63971441081671,True,True,3.242554520628679e-06,2988,0.05301393431948274,0.1022080551007121,0.034162906087490404,0.015261647241788264,False,15.505222649807587,1,16,93.81528312259483,-0.017231075746263157,0.2577650796181719,1.632832552298215,0.08460831817628055,97.91094007696536,0.0,97.91094007696536,-13.861836634918022,-0.1386183663491802,0.0,39.4401685908008,0.0,12.534159260550489,23.589500211697306,48.87004298125872,49.72331035109692,34.00311050553711,46.38039090291469,45.97749806615528,42.41299013889744,27.661159785042656,-0.2671014754061819,1.8071151331878192,-25.647939915578224,-25.91504139098441,0.5897621616841144,0.9282746459918617,0.006732014589037999,7.055242787865947,0.33043664247737614,0.027997343482917107,15,5.338969195771081,852
57,-0.04431533872247034,-0.018446126828838186,-941.7376695939915,0.048709214061683374,0.10320991435250725,0.026994865714935513,0.012099331560632158,100.0,2.004740247502923,99.6383764397591,True,True,1.905342562743513e-06,3080,0.04997508263806699,0.10320991435250725,0.029539804989330922,0.013314854688014154,False,15.517426273458446,1,16,93.96782841823057,-0.052606777361395435,0.2382501178294532,1.764528572256679,0.2544615942834353,70.05361930294906,0.0,70.05361930294906,-12.614348579519772,-0.12614348579519774,0.0,34.85701519213584,7.283288650580876,9.815732908775896,23.43083493649396,49.11724615985645,37.223294934420245,28.542416348807297,34.79566679494902,34.477435861482554,32.49135984500774,22.867380545232397,-0.7495180653124501,1.8785784903786582,-19.984289992215196,-20.733808057527643,0.6622675043468164,0.9442770765883595,0.007280649626488271,5.770113859569702,0.432819487037742,0.017637895163135377,15,3.907705930127107,867
58,0.03364155857735876,-0.061955816560333436,-1167.7716838446054,0.054222255707123655,0.10281502039884656,0.03336608464270699,0.01440190618271395,100.0,2.1251900121569625,99.6241891485107,True,True,3.17708556518134e-06,2959,0.05942461118446161,0.10281502039884656,0.03617318089178912,0.015895283773051393,False,15.50097033545883,1,16,93.76212919323538,-0.047544062742378525,0.25306995966406914,1.911256004525742,0.22638967299817733,94.98197948433601,0.0,94.98197948433601,-16.172256825745844,-0.16172256825745837,0.0,42.30200535994826,0.0,12.61199663264076,23.47453674012742,46.498443689044116,49.71712033301117,36.57788788265803,46.70266867905268,46.079369665154545,42.660309819469155,27.98776514711988,-0.67203154648439,1.9551245507771324,-27.123481200753343,-27.79551274723773,0.7677306873884547,0.919114603068867,0.0064765173425474195,7.669825752503626,0.34230930898515877,0.019585634068657466,15,6.447270393287161,882
59,-0.04200968653382714,0.0472782103737774,-920.9888639165009,0.04732115442859916,0.10211497225885426,0.02784767449511933,0.01207130632568829,100.0,2.1055699326097965,99.64248481269289,True,True,1.9504861676900724e-06,3069,0.049837337110643164,0.10211497225885426,0.029781547398459996,0.013287846008260747,False,15.515998924442055,1,16,93.94998655552568,-0.049044855811762884,0.23199333640616296,1.599069186468517,0.23380957993343193,68.51304114009142,0.0,68.51304114009142,-12.372564150421821,-0.12372564150421818,0.0,34.19377968988079,6.2068656448866175,9.629369935826396,23.598366817840684,48.53175594581503,37.337038350072994,28.49004907764191,34.06729662030373,33.53349255007933,31.523761528523902,22.527893650692295,-0.7135750987732405,1.7883339657169837,-19.841379624873746,-20.554954723646993,0.6955681969433798,0.8847185437965606,0.005875176389386788,5.352613440026848,0.437791228091697,0.013403824518117226,15,3.9815230187579465,897
60,0.01420577060908404,-0.002120188336301565,-1028.9878046016206,0.04769695513370447,0.10085190826627749,0.031116594126621575,0.013635738799484508,100.0,2.152670081704855,99.64599226443342,True,True,1.9908975083874466e-06,2984,0.055086757348360556,0.10085190826627749,0.034336744538772786,0.015047754012037406,False,15.504678040726473,1,16,93.8084755090809,-0.03740886040762532,0.24243526982895303,1.634101225599871,0.1712557865286202,94.27627958172812,0.0,94.27627958172812,-14.147082474881435,-0.1414708247488143,0.0,37.32342689414787,0.0,11.530932783508407,23.768555535446552,47.06723179874762,49.087673136460694,33.34058260151417,42.29051622383355,41.06510832596278,37.65371674663934,25.844604509216822,-0.5353087079669231,1.807817040300191,-24.498854814349258,-25.034163522316177,0.6793916007997135,0.9338123274979063,0.004650067008057773,7.112195760361582,0.36538120619559833,0.018991511088011212,15,4.38012182502592,912
61,0.02775985804545973,-0.08344536311801541,-1133.5023238332576,0.052599688987553725,0.10097857844267755,0.03281406095147914,0.013768780617574253,100.0,1.9645301625132559,99.63222341007567,True,True,4.0852774808009596e-06,2972,0.05880177648743104,0.10097857844267755,0.03500450602148988,0.015186724310197394,False,15.502762430939226,1,16,93.78453038674033,-0.04740923007039017,0.25099389190158705,1.9405612481305852,0.22915483774568127,91.87845303867404,0.0,91.87845303867404,-15.63779315622415,-0.15637793156224156,0.0,38.9963167587477,0.0,12.006726708269131,24.195606742639942,46.335701116995,48.756677673750424,34.49076582557837,42.34217480914079,40.97576188575251,38.71973745500493,26.494758799844952,-0.6607492286806266,1.970056470322912,-25.91247443942379,-26.573223668104408,0.7607711299031692,0.9422415530664721,0.007199388102017568,8.36263745325013,0.3131377326569911,0.023054957998097862,15,4.643284538582935,927
62,-0.038242462847430596,0.0007258622038640722,-924.5548534207636,0.04822411321759471,0.10062664587392572,0.026612815579095245,0.011668886280217651,100.0,2.1172797307372093,99.64527912295014,True,True,2.102382272308265e-06,3075,0.050831255364714355,0.10062664587392572,0.029243181691925416,0.012843087571597281,False,15.516778523489933,1,16,93.95973154362416,-0.05096472902680901,0.23044406999255562,1.565168351719034,0.23854992272079567,65.55704697986577,0.0,65.55704697986577,-12.399986816226425,-0.12399986816226424,0.0,32.94854586129754,10.125279642058166,9.670124115925141,24.4457022169177,49.048766693182564,36.280541946295074,27.958582813097525,31.541944029915204,30.80968917447321,30.18281393900295,22.36058058145048,-0.7265398514555137,1.7692757567541777,-19.71532572147063,-20.441865572926144,0.6148412197017918,0.9488601461780707,0.008111468148526065,5.842377082289853,0.3943381856659068,0.015060233969481807,15,3.657840466696034,942
63,0.014306979532683062,0.04740820792753932,-1090.4695426283192,0.050357815755590306,0.10081845822063897,0.031249230030252328,0.013172869240513654,100.0,2.353769587352872,99.64517098208395,True,True,2.36236646158996e-06,2991,0.057770414843250725,0.10081845822063897,0.03397689956517262,0.014535719328286414,False,15.505766062602966,1,16,93.82207578253707,-0.0518379024076555,0.23949434495438224,1.6976261260761403,0.24987645142695675,83.71773750686437,0.0,83.71773750686437,-14.958628035931175,-0.14958628035931174,0.0,36.72432729269633,0.3157605711147721,11.526693457362581,24.757894233105677,46.64471939410277,47.467682169066144,32.17207654464808,37.6114669017869,36.36833225810238,35.25093739639384,25.23566347866597,-0.7354308370449567,1.8426210278167021,-24.711679279219513,-25.447110116264472,0.6639068603662793,0.9272794980854921,0.007724860929297471,8.328594583145566,0.40049400443593136,0.017659246590693987,15,3.845123170210619,957
64,0.0397543460639465,0.031751534702564296,-1280.2633629679885,0.05920494101319059,0.10017697424566444,0.033341735741489395,0.014339722970894317,100.0,2.1481748204678297,99.64173294020479,True,True,2.5258668476953716e-06,2952,0.06357502149944091,0.10017697424566444,0.03665931486477903,0.015839670252979644,False,15.500277623542477,1,16,93.75347029428096,-0.06344179056670843,0.2803292617766712,1.9763640139061973,0.31060825557085103,91.81010549694614,0.0,91.81010549694614,-17.75827280125115,-0.17758272801251154,0.0,44.07273736812882,0.22672589302239496,13.500799680482045,25.505313413661465,46.64495114493168,48.64299267276618,37.87225893100563,42.92000082516777,41.989241373756386,41.331448030619555,28.533033425869835,-0.9124723265712785,1.988146882856595,-28.943753501924302,-29.856225828495575,0.8206629227636792,0.8832592505252187,0.007897805149004625,8.86729409375446,0.27735228321767014,0.028500207409119592,15,8.732273327865721,972
65,0.036116166495296476,-0.06880844835985837,-1237.797423896872,0.05664385860501302,0.10118510677754604,0.03337319889017298,0.014335199813437066,100.0,2.4495402351021762,99.63060577486864,True,True,3.7895262963242717e-06,2962,0.06197050057384109,0.10118510677754604,0.03601160767246623,0.015810722905507914,False,15.501246882793017,1,16,93.76558603491272,-0.03884828001539852,0.29253179243375077,2.0123928763488754,0.1908658598556722,92.87891382654475,0.0,92.87891382654475,-17.131155498661645,-0.17131155498661646,0.0,46.85970259536344,0.18934146116191003,14.350851384973476,26.12535106182949,48.24083461452181,48.91854038402953,39.85697273525414,44.11077774000883,43.42063717022389,43.06861664349585,30.009757178653945,-0.5271549862549005,2.006186868837933,-29.748348053359503,-30.275503039614403,1.0022187107671674,0.8512807341240541,0.008772387318316777,8.352423613738821,0.26120623095205164,0.016693948204414166,15,8.414348319404272,987
66,0.021281854914469295,0.009355354965143031,-1143.089863171644,0.05232290410123489,0.10164331446482083,0.031805638853767186,0.013983229453215949,100.0,2.4036504328250885,99.64809484315093,True,True,2.192195167260677e-06,2981,0.05916719299706143,0.10164331446482083,0.03508619376290207,0.01543260902226757,False,15.5042687964748,1,16,93.80335995593501,-0.03326424596077226,0.2818167962789705,1.7902118717389968,0.16233439740396327,92.28862572294133,0.0,92.28862572294133,-15.728962951936296,-0.15728962951936296,0.0,44.34958230056,0.27540622418066646,13.79327563779253,26.443134759939255,49.224326214144284,48.7688360182822,37.70178689561691,42.059245479992306,41.42260186493312,41.16112642259906,27.439655382521376,-0.46767800993595704,1.8922007672226522,-28.021258387136893,-28.48893639707285,0.8380022837045565,0.8941597774007609,0.006723667527138197,8.095418983879023,0.2814789417114637,0.016895283672625962,15,6.068617376298176,1002
67,-0.04932391585831272,0.08637917402607605,-977.756845816672,0.048871574947215925,0.10102601814120905,0.029784409485538156,0.012353460000296284,100.0,1.7415601760149002,99.6400040437587,True,True,2.1329241853124864e-06,3079,0.05095866763479625,0.10102601814120905,0.03021866281419642,0.013594089044695128,False,15.517296862429605,1,16,93.96621078037008,-0.047226141511052804,0.2753351417724506,2.104539973506101,0.2204501448423012,66.72030034861893,0.0,66.72030034861893,-13.099859868050878,-0.13099859868050878,0.0,37.01171002055958,8.393671225529632,11.159047476051759,26.505933697749334,51.93462567442348,37.070935184191676,30.670264311354618,32.73665293946232,32.61101555889035,32.6131411012029,23.16791373716569,-0.6579037328881846,2.0516042374230468,-21.486719758042494,-22.144623490930684,1.1728434462262047,0.8486385027696648,0.0074160298357622174,6.605561897245187,0.34819300079687787,0.013517354404332833,15,3.655695843759225,1017
68,-0.02385513891252158,0.03928206754897755,-944.0530868416903,0.04528002791107298,0.10159287467642727,0.029549723454811844,0.01313702903906355,100.0,1.7825500573962927,99.63864521089342,True,True,2.0040086846540487e-06,3044,0.05084636041689008,0.10159287467642727,0.03203130025675794,0.014471773990296026,False,15.512723335138062,1,16,93.90904168922577,-0.024714040493261633,0.26789141205137845,1.5681681730823833,0.10967637114571717,72.6854358419058,0.0,72.6854358419058,-12.768048399212255,-0.12768048399212253,0.0,38.65728207904709,0.6271431149611985,11.763098439334334,26.570947498266918,50.95423170504019,41.791052896509825,32.49789561450469,34.44836274932234,34.48504671018681,34.3886025963662,24.061682249177558,-0.3467042049831687,1.7709704532161927,-23.0856163378689,-23.432320542852064,0.7345372448976447,0.9127693008131725,0.005699880642652051,6.88789384018621,0.36519525356037447,0.014177014510760977,15,4.2481909597689835,1032
69,-0.0018633448251060697,0.07639005884481763,-1032.7395142679989,0.04463255868903648,0.10227259148657793,0.03264831715181793,0.013897078997262157,100.0,1.7851603217422962,99.62814064575379,True,True,2.1619353436002973e-06,3008,0.053269690907289155,0.10227259148657793,0.03436271688488252,0.015327131010152971,False,15.508062312107134,1,16,93.85077890133917,-0.03093173882107506,0.26791016139456647,1.726410155484757,0.14297742757146092,89.61464881115059,0.0,89.61464881115059,-14.101204237075816,-0.1410120423707582,0.0,39.887947526646634,0.19130910084722602,12.540675208753468,26.4361195935526,49.89230730627646,47.36946503336658,34.97688747408641,37.955667259801054,37.986835515112496,37.68025716531313,24.215988936300313,-0.4401710944984518,1.858176609197714,-25.135488586986735,-25.575659681485188,0.6843415825025736,0.9033660121710668,0.0070514465716391824,8.040073736601292,0.3167151882456801,0.017155592839470064,15,4.709008567784605,1047
70,-0.031824439402933925,0.0346232710387801,-939.9471782405471,0.04656208836051206,0.10305547397881328,0.02880670406580544,0.012798878541504863,100.0,2.305994462221861,99.63594583562497,True,True,2.067054298203396e-06,3072,0.05069249572132978,0.10305547397881328,0.03126241120392645,0.014087944079567734,False,15.516389038151532,1,16,93.95486297689415,-0.03806706615757511,0.2524825139157534,1.5809230097492404,0.1707442885837096,65.82482536270822,0.0,65.82482536270822,-12.616775660037478,-0.12616775660037474,0.0,36.92011463370948,3.237506716818915,10.919266789085817,26.411180868287293,50.91735432421551,38.43422095322071,30.968744572801672,32.60967744564639,32.74905853476437,32.68396329574147,21.637360909454774,-0.5371188590430895,1.7781580412040097,-21.44507886163438,-21.98219772067746,0.7965742175222902,0.9034753920410123,0.0060023235764064455,7.151120784519485,0.39767285081469284,0.016044074855299857,15,3.756990463358386,1062
71,-0.0006612677295447789,-0.036822313274572874,-998.4933473526933,0.04398680650514366,0.10288662871948127,0.029987783769608735,0.012832719780782837,100.0,2.0458547864109278,99.6432436406501,True,True,2.349783668758161e-06,3039,0.05289549601096975,0.10288662871948127,0.03275988172952266,0.014140493792745366,False,15.512195121951219,1,16,93.90243902439025,-0.04060968102431867,0.23543798971925659,1.6011379883696355,0.18716333600803178,85.55555555555556,0.0,85.55555555555556,-13.518175645183101,-0.13518175645183103,0.0,35.907859078590775,0.5374887082204155,11.249527183563652,26.42562321373891,49.046433211617455,45.25702477277417,31.528631802130352,33.009736394082545,33.40964935363472,33.33410681121383,22.233522539787746,-0.5774950098006371,1.7894904237629412,-22.936483750053853,-23.513978759854485,0.7266830229092143,0.9207036646574835,0.006023303946179863,8.915120355597576,0.4812029626298989,0.01857165151332016,15,3.9594950189628157,1077
72,-0.01282816862779599,-0.05047785440768367,-960.7988619279131,0.04571987824397906,0.10287783934700703,0.029057075032538685,0.01226182083465113,100.0,2.058909833431244,99.62845902644933,True,True,2.27898433109332e-06,3064,0.05215318035620119,0.10287783934700703,0.03136345807181996,0.013501572891773882,False,15.515477792732167,1,16,93.94347240915208,-0.04585163575641681,0.2309733487847558,1.5809233177011774,0.2218067289479498,59.353970390309556,0.0,59.353970390309556,-12.920328076052915,-0.12920328076052914,0.0,34.419021982952,0.5787348586810229,10.473862952583211,26.422949199174273,49.29699718953248,39.07833367643645,29.55640954401126,30.66429498065045,30.963146191071814,31.062643878065582,21.00423705391607,-0.6564798013801575,1.7781582143899217,-21.246452217595085,-21.90293201897524,0.8119355512712948,0.887437748646226,0.005618102851029529,8.521188359982089,0.3960093124166232,0.015440036189588063,15,4.007942156931327,1092
73,-0.03738633054748696,-0.05763252694691613,-970.0633182381148,0.04907978473190021,0.1034320394126927,0.028341519377675033,0.012294131406461956,100.0,1.9707997795194387,99.63986434669788,True,True,2.169476650825125e-06,3107,0.05089711504880675,0.1034320394126927,0.030146753341075503,0.013520491711016895,False,15.521021820117083,1,16,94.01277275146354,-0.06123224171588484,0.2497454241768271,1.9516719547829418,0.2919669161861389,62.98563065460351,0.0,62.98563065460351,-12.89635624783651,-0.12896356247836513,0.0,30.051445804505942,11.508781266631187,10.02740390990092,26.285945162589314,50.98505796209197,35.93767305313556,29.082228533150435,30.88583237175948,30.9506395744303,31.3848293825675,19.390572764635216,-0.8703515929514936,1.9756882116280097,-19.667338453074663,-20.537690046026157,0.710716944946133,0.9332289103490838,0.005442187672706278,7.634547810851769,0.367065433933,0.017368812327470052,15,3.551500243785519,1107
74,0.025352155650704478,0.0009586076020486334,-1152.1214693328443,0.0532554598970696,0.10213881923198677,0.03262028011161869,0.014411058628699385,100.0,2.1690003573894496,99.63303233196699,True,True,2.187355774431408e-06,2987,0.05943362711623645,0.10213881923198677,0.035993059966335894,0.015901927445973244,False,15.505086609843277,1,16,93.81358262304097,-0.05203638758429477,0.2700547234670802,1.747256469421455,0.2484050104922865,89.90926587847127,0.0,89.90926587847127,-15.827225855910054,-0.15827225855910051,0.0,38.06250572816424,0.4307579506919622,12.651906466926448,26.559931570514326,48.0018748672862,48.16912614663793,36.30077826431586,39.436167973856364,39.5629721132643,40.11195988376612,23.554559305038847,-0.7427631068952,1.8693616393953605,-26.357108971068254,-27.099872077963454,0.8223101447610603,0.8786674301509372,0.006886981531510677,7.617993521694317,0.3906855942890063,0.016859426113336108,15,5.374783605036574,1122
75,0.009001004288268978,-0.006999381956436526,-1044.747047567319,0.046768072560064274,0.10142270981187561,0.03126263135930339,0.013870227865940797,100.0,2.011024858802557,99.64560318456398,True,True,2.191578232518752e-06,3016,0.05502673940539013,0.10142270981187561,0.034456206400193076,0.015291994643374772,False,15.50900163666121,1,16,93.86252045826514,-0.03888922945628732,0.259764926445959,1.6125626136463782,0.1834966281742033,90.18003273322422,0.0,90.18003273322422,-14.23784312894141,-0.14237843128941416,0.0,36.63393344244408,0.4773595199127114,11.966342840045431,26.863627690425403,48.71396471217932,47.05558641053424,34.0474432140769,36.364974803874745,36.65208356278661,37.24942190117445,22.86815081228733,-0.565550373693681,1.7958633654297746,-24.564502008299158,-25.13005238199284,0.9967898544562911,0.8583399778744927,0.00648572589121598,8.25561228570572,0.3647021510203717,0.017020331851219477,15,4.198824893441715,1137
76,0.0037320915614415875,0.03289405899817485,-1041.299958859126,0.04611199658840858,0.10207443763076772,0.031136055079677025,0.01361824363755031,100.0,2.103080041706562,99.62785102206178,True,True,2.217567325434911e-06,3026,0.05474344058035875,0.10207443763076772,0.03404193549379149,0.015011810023310116,False,15.510470492249116,1,16,93.88088115311395,-0.04509219544914258,0.24890235349457648,1.6256418999132103,0.2056453543651924,86.72831112319825,0.0,86.72831112319825,-14.148292116362187,-0.14148292116362188,0.0,35.74018674644185,0.5847158009246668,11.509971291877383,27.057279207292392,48.34077793279128,45.10040831971717,32.96427129906396,34.18722576071652,34.66492950609195,35.55031564373954,21.99731012686893,-0.6520113918171719,1.8031316645842645,-23.810066333396254,-24.462077725213422,0.6008883838699076,0.9456375140514921,0.006025169506040247,8.705750876371823,0.4329070560600781,0.018181627850832473,15,3.726949749689444,1152
77,-0.012314420216745912,-0.0006285252095280941,-965.0352415712749,0.044970028792357834,0.10253374540057052,0.029419737295084285,0.01309686943813079,100.0,1.9541701767593622,99.62840069545041,True,True,2.149720152121959e-06,3062,0.05199560074097552,0.10253374540057052,0.03239043534189281,0.0144201204600869,False,15.515086206896552,1,16,93.93857758620689,-0.043075328633408155,0.23803364932320284,1.5910131528676632,0.19559507003231086,67.75323275862068,0.0,67.75323275862068,-12.988163890886266,-0.12988163890886265,0.0,34.0607040229885,1.270653735632184,10.67497474077649,27.177260697569675,49.20392575967569,39.05796342580357,30.885436572324377,31.327076270245264,31.78512939170355,32.699847451737,20.558355239928588,-0.6194166023597548,1.783823507451151,-21.695372017500684,-22.31478861986044,0.5492623155642637,0.9480788419142635,0.00465036258942448,8.531010581957178,0.4858532446162253,0.0151603790090109,15,3.8728662807888514,1167
78,-0.030508434007978924,-0.06488998718251524,-970.3423410766922,0.04822543857424942,0.10378241185760384,0.0289147442825024,0.012716067440489994,100.0,1.8408800475299358,99.63542202260031,True,True,2.320578392111091e-06,3108,0.051392111931253245,0.10378241185760384,0.030698252138386957,0.0139839632982513,False,15.521149241819632,1,16,94.01436552274541,-0.05996725615954808,0.23820382185433142,1.812210176707378,0.28448538424479153,61.77174780526736,0.0,61.77174780526736,-12.895997156554072,-0.12895997156554073,0.0,28.708876474239602,5.041234370843308,9.940041321732759,26.985511869325332,50.23690571262885,35.696213003790604,29.405576850032162,30.356374822094732,30.54707880778554,31.50753030272924,18.638821182043213,-0.8597244889230592,1.9037910477294393,-19.78633273831189,-20.646057227234955,0.6448988388232956,0.9230950648602734,0.006063161191655719,8.488987750512486,0.3599536323814075,0.01523439393789043,15,3.643372137150843,1182
79,0.029794573178862235,0.029360961022708576,-1191.8642050965777,0.054541202950290864,0.10029465594547811,0.03448725787219996,0.01565908023968993,100.0,2.073129778727888,99.62849054078247,True,True,2.259781119474845e-06,2972,0.059759575018542614,0.10029465594547811,0.03791065265800122,0.01728680812864435,False,15.503036996134732,1,16,93.78796245168415,-0.05457715959315132,0.2796253989805862,1.7664686931893114,0.25597612600054087,90.6405300938708,0.0,90.6405300938708,-16.44104325760931,-0.1644104325760931,0.0,39.75243879992639,0.3267071599484631,13.150459922622947,27.465175680147933,48.08533493867761,48.454906988384096,38.91561797323169,41.029067660369975,41.20273044517438,42.52105975588271,23.45705532161304,-0.7771414064411816,1.8796109667637673,-27.348171619046635,-28.125313025487817,0.7994986875104522,0.8467767398248965,0.005636127130630092,7.716170121692192,0.2787822439543282,0.02495969171604234,15,7.061628038784676,1197
80,-0.038593311750609385,0.06929145514855094,-942.5647650739854,0.046105291698149,0.0989022362484505,0.031219008238460664,0.014132912045717006,100.0,1.6154004260897636,99.63668869886882,True,True,2.040408220356334e-06,3070,0.0493478979962357,0.0989022362484505,0.03281873022824174,0.01555689452109331,True,15.516129032258064,1,16,93.95161290322581,-0.03362788346508889,0.26205631232197674,1.6433033376934716,0.17121733160992228,68.9247311827957,0.0,68.9247311827957,-12.658864862255944,-0.12658864862255945,0.0,36.84587813620072,4.838709677419355,11.514547141973589,27.741656824955513,52.413062292466506,38.79074437897269,33.316816803886084,34.58521190447877,34.66515040408428,35.43321306355659,21.90482767968236,-0.4746956727825021,1.8129000731940366,-21.968850203260516,-22.443545876043007,0.8387008105735876,0.9268252522189784,0.005753394191462709,6.922060803056663,0.343475236281203,0.014373689673848727,15,3.872146080091174,1212
81,-0.04172457099518315,0.02042120175774216,-943.0770507382647,0.04702581660031772,0.09993445715634118,0.02994326040316247,0.014394052198663996,100.0,1.6547804698348043,99.6410219672007,True,True,1.9165464478164536e-06,3087,0.04893092494892458,0.09993445715634118,0.032766691539484076,0.015837072765478414,True,15.518330211399519,1,16,93.97912764249398,-0.038258260577545534,0.256912490358562,1.6641182011374827,0.17706238422873397,69.09285523146909,0.0,69.09285523146909,-12.608648348059402,-0.126086483480594,0.0,36.05833556328606,4.647221478904647,11.286246953150622,27.54637535157855,52.75419789876701,38.17954241917099,33.324377595793244,34.702552278984335,34.79785521687661,35.44555023398373,20.986218425358206,-0.5531782420522552,1.8243454722927248,-21.394026262722132,-21.947204504774387,0.6453107689958094,0.9205540813101416,0.00634841342233651,6.828517710438369,0.3608197412722456,0.017368665263490953,15,3.6684903705338847,1227
82,0.0481171252139459,-0.06836776813310384,-1307.5031858712046,0.05796884284922559,0.09892206292362846,0.037404971362908275,0.01717725986998446,100.0,1.7173998057842255,99.64444903698528,True,True,3.158506527446737e-06,2934,0.06102102878715552,0.09892206292362846,0.04055875308209028,0.018965496229886417,False,15.530857302429489,1,16,94.13571628036861,-0.042210525924716184,0.29228800558680745,1.9024707016715814,0.1978926039042757,99.44149678860653,0.0,99.44149678860653,-18.24056543827266,-0.18240565438272657,0.0,48.00800521269664,0.0,15.654320943546177,27.87062000195173,49.61313479890138,49.95909836596368,46.27872798681771,48.17377724578539,48.299304068791265,48.37568316016491,27.100412186875747,-0.5872211059397591,1.9506259004081645,-31.55277530234357,-32.13999640828333,0.7930282365888028,0.9173292671529029,0.006016077230905361,8.041526418736286,0.1582786807517777,0.02500536046934637,14,3.224996975850792,1241
83,0.014512052691274618,-0.01076577977014262,-1047.4053872735233,0.04634721312814654,0.09838503917040635,0.0340126366345905,0.01607228899375257,100.0,1.6526994295418262,99.6425998530945,True,True,1.97297497178706e-06,2981,0.053432261940497695,0.09838503917040635,0.03751692280647826,0.017738207357146984,False,15.5042687964748,1,16,93.80335995593501,-0.009746873419485548,0.26875056819489956,1.464864279858458,0.06309846426241311,99.55935004131094,0.0,99.55935004131094,-14.412450315766497,-0.14412450315766495,0.0,44.170568254842564,0.0,14.350373046688528,28.12571986969489,51.692236398281025,49.72287762920859,43.073750791205406,45.73590869570177,45.86195005365841,45.77575285340278,25.20558066511896,-0.14878186247885844,1.7116449864726375,-27.761176622580283,-27.909958485059132,0.6166129059367876,0.9518533456173512,0.005416059258523376,7.390870920799203,0.23620612723876958,0.017017175495823322,15,6.884929368923362,1256
84,-0.014349171689390039,-0.060297489763468895,-923.7971856796194,0.04276379594836916,0.09923768124521518,0.03183898166151262,0.01520238507766334,100.0,1.6361298970878124,99.63276752206853,True,True,2.5437163825882252e-06,3037,0.04843873864260228,0.09923768124521518,0.03441966859747538,0.016751966507187185,True,15.511930585683297,1,16,93.89913232104121,-0.011192142777965207,0.25049754680260755,1.3430541660938367,0.05430696220588035,79.90780911062907,0.0,79.90780911062907,-12.512395064397975,-0.12512395064397974,0.0,39.00036153289949,0.0,12.42064271693936,28.10143578791979,52.26871529038625,45.25564455949942,37.25926159342306,38.98754641223791,38.97973913330105,39.067309886451596,22.72754044483891,-0.15435378458209173,1.6389351214089205,-23.7630533827639,-23.917407167345992,0.5079423664702816,0.9651484922121862,0.005829859082299502,6.903382650534642,0.3589126872354183,0.018162561947333167,15,4.47249683891389,1271
85,-0.004698405847603983,0.06958368546026876,-985.9328198622225,0.040954945545752804,0.10052461146598539,0.03390118483534279,0.015967187809016452,100.0,1.7041101120412347,99.64066352795656,True,True,2.042366383408887e-06,3012,0.049517570077280235,0.10052461146598539,0.03607359241612857,0.017608218350750653,False,15.50859950859951,1,16,93.85749385749386,-0.021512266201053423,0.24106264651380513,1.4485990498267842,0.10282149481773271,96.36909636909637,0.0,96.36909636909637,-13.44743134619609,-0.1344743134619609,0.0,39.55773955773955,0.34125034125034126,12.572764506471707,27.85010266002343,50.74021837308023,47.45523383757149,39.07902005853075,41.18339055529933,40.92658880431387,41.13314427773672,22.237296180175,-0.3133268999253751,1.7021157715189552,-24.778696090795844,-25.092022990721222,0.6462133788827961,0.9321829264524809,0.0055920183378721355,6.620410385388374,0.41092319733993726,0.020844197145743214,15,4.516608425408765,1286
86,-0.005926454115912458,-0.06803967831281332,-939.9689163692616,0.04122403904286793,0.10151828145908917,0.03255145515360699,0.015697155007981703,100.0,1.6900700516998768,99.63270909614681,True,True,2.7696912072301404e-06,3036,0.04838772981878454,0.10151828145908917,0.03507331587274899,0.01729697884470058,False,15.51179820992677,1,16,93.89747762408462,-0.023849913748806784,0.2273147360012095,1.4302109940378933,0.11394064745985852,89.15107133170599,0.0,89.15107133170599,-12.734257139234826,-0.12734257139234828,0.0,37.4830485489558,0.0,11.484652583836976,27.71502570757897,50.16359726590874,45.22891742998361,36.39240813598295,38.079714565307114,37.26179398936801,38.16279001510611,20.604435527727333,-0.34408729008417127,1.6912782113170461,-22.894395956013234,-23.238483246097406,0.6697948800451403,0.9083003025411781,0.006470527081786471,6.79733101523956,0.4461821137750685,0.019953958846425684,15,3.785098483729154,1301
87,0.022563083619230637,0.07874066538530068,-1135.3298067615976,0.05123107673094194,0.09859584620364818,0.03597478891947727,0.01632695630079788,100.0,1.6650501638650894,99.63886757354025,True,True,2.224541728972644e-06,2960,0.05658781519117833,0.09859584620364818,0.03835269025364322,0.018032447374189152,False,15.501523123788424,1,16,93.7690390473553,-0.04290616739014138,0.24623363612687837,1.5390911261317628,0.21721756670003153,95.43062863472723,0.0,95.43062863472723,-15.70870731517402,-0.1570870731517402,0.0,40.722791470506785,0.055386319579063974,13.25401133818199,27.977054246351738,48.922831160302145,49.018176055570954,41.567065885381,43.37109738565591,41.91389025255714,43.555037968093956,23.50563708802438,-0.6058549447473218,1.7544749220959317,-27.09166870321438,-27.697523647961695,0.7839879113488446,0.9414430159105112,0.005673981835257835,6.603912860449802,0.2945715286764195,0.02028250916884955,15,7.02142331166412,1316
88,-0.018317069718422896,-0.04398466093043818,-898.9148253982072,0.043095364010344146,0.09842505397734003,0.030740729904713177,0.014684054508731822,100.0,1.641020132228732,99.63892644673139,True,True,2.0671777250168126e-06,3039,0.04820639459094682,0.09842505397734003,0.033451690842005936,0.01618037213429918,True,15.512195121951219,1,16,93.90243902439025,-0.019007762711376438,0.2227929681210869,1.1271142352923633,0.09171165291943108,72.33062330623306,0.0,72.33062330623306,-12.170223928939086,-0.12170223928939086,0.0,36.49954832881662,1.3324299909665764,11.568698149480142,28.27173185726234,51.54702718699726,40.88036221876459,34.6790778601774,35.77311086730126,34.446046743201755,36.03500828565258,21.819042207534196,-0.2693791596225052,1.5014088285955716,-22.442997745558344,-22.71237690518085,0.4373624685503055,0.9774742059000578,0.00508762215727793,5.821355870917902,0.4048256286834772,0.013044518565711963,15,3.5300474066002145,1331
89,-0.04939572747013579,-0.07662167823331947,-975.7372201569756,0.04912402362093845,0.09932822848987573,0.02942699981531249,0.013801394871225146,100.0,1.6393151134252548,99.64736580850722,True,True,2.117974066340153e-06,3107,0.048508771202387974,0.09932822848987573,0.03062533915302857,0.015177067900565427,True,15.521021820117083,1,16,94.01277275146354,-0.06540752677730399,0.23634433276832467,2.2458214525738724,0.305678985353856,67.98829164449175,0.0,67.98829164449175,-12.972255525582222,-0.12972255525582224,0.0,28.11335816923896,16.84406599254923,10.22809144555678,28.082704481502347,52.733648950237516,35.554636792698055,31.338176319721406,32.569270419139436,30.901293276355094,32.71826515775433,19.042024720688666,-0.9312966854173778,2.119349642024115,-19.395758968260647,-20.32705565367803,0.6132570078766519,0.9556282527944471,0.003432017096049181,5.855746517968208,0.3620981257428148,0.014665636180565959,15,3.985448918386137,1346
90,0.00658167754434151,-0.013765748367342928,-980.5067822608876,0.04355296042292661,0.0989521663091892,0.03177117902632052,0.015166458224800717,100.0,1.7014401033520699,99.64832266419202,True,True,2.0554267889983973e-06,3003,0.051632542269631376,0.0989521663091892,0.035008980181923416,0.016727507385499905,False,15.507254311524774,1,16,93.84067889405968,-0.02645491156069342,0.2176934410067173,1.1687477129761432,0.12437813704443723,97.48152203668218,0.0,97.48152203668218,-13.40988627748268,-0.1340988627748268,0.0,35.10356784378137,0.0,11.924639764037007,28.260865320890296,49.32802415729643,48.06496149861428,37.30514293381544,39.13431098881503,35.08575019841183,38.59547531210983,22.43774781364911,-0.38535504576818397,1.5288869892677766,-24.17416867542049,-24.559523721188672,0.7335022116914837,0.8860407071487324,0.0039354661823886,5.512404463162829,0.48437709074716745,0.01586492521920491,15,3.5073583213959485,1361
91,-0.03960050591004131,-0.02095531985765456,-908.5355764648457,0.04692054936150667,0.09891457751775443,0.028161876613087153,0.013779865493794672,100.0,1.727924682199955,99.64908665258017,True,True,2.062825591523688e-06,3085,0.04858264663195539,0.09891457751775443,0.030828180038380084,0.015164189819642189,True,15.518201284796573,1,16,93.97751605995717,-0.04297692267839643,0.21514165199249077,1.3262239625906322,0.2036541209905326,69.99464668094218,0.0,69.99464668094218,-12.149371439527703,-0.12149371439527702,0.0,27.29746609564597,9.573518915060673,10.395276645472773,28.404480705595457,51.975254261121584,36.32210513056771,31.352460419336712,32.43926092504164,29.820246448471995,32.78792178066642,19.735027384845072,-0.6069484570261704,1.6286337602976504,-20.000434424519256,-20.60738288154543,0.6253501046140097,0.9263993514414395,0.004663677128321377,5.070047126428003,0.4658799351309992,0.01297767979635711,15,3.00028768057525,1376
92,0.005164533068338098,0.05457198490016259,-997.3830184650816,0.044469930079540115,0.09811015954187377,0.03230087061009138,0.015004982522164456,100.0,1.8225051462650297,99.63752447237492,True,True,2.1811945503851458e-06,2999,0.052406222939814257,0.09811015954187377,0.034897307111581496,0.01655347911187498,False,15.506849315068493,1,16,93.83561643835617,-0.028648053434533655,0.22235289124891902,1.1597545606901165,0.13142207621179333,94.73972602739725,0.0,94.73972602739725,-13.651656120473591,-0.1365165612047359,0.0,34.44292237442922,0.19634703196347034,12.06831005863113,28.683660995903974,49.36350386457381,47.103341092766264,36.86466236247159,38.00228301143634,33.38166007854944,38.25283065521048,22.882233084130114,-0.4202523109978988,1.522993473846895,-24.447839220935183,-24.86809153193308,0.5128773558280979,0.9488922840617104,0.004740500509695951,5.3370859672623014,0.46454100745992194,0.013465803725700323,15,3.6680720122260477,1391
93,0.03946620817259534,-0.022051994822088083,-1223.83363688164,0.05631455038101027,0.09748504602993605,0.0349315757464428,0.01612308996591659,100.0,1.884749624878168,99.6372206420666,True,True,2.207404959617368e-06,2941,0.06033235002243938,0.09748504602993605,0.03851660130038917,0.017815722215554473,False,15.508771929824562,1,16,93.95711500974659,-0.03974783046561881,0.25579573228395763,1.2973615999123824,0.19015021794831177,98.13422445001392,0.0,98.13422445001392,-17.02829820156896,-0.17028298201568964,0.0,45.720783440081675,0.0,14.908142176602762,29.496240919051402,49.97970135418248,49.811195543117535,44.1093024203268,44.99217153454179,40.41069712817115,45.72178657222389,25.964910763608295,-0.5884312832766445,1.6108144523267613,-29.828393873256296,-30.41682515653294,0.5100823803565795,0.9811336560670216,0.00502719369472372,6.6143988322812755,0.20289273839264632,0.024218535482096102,15,9.538561031308552,1406
94,0.015809722260507475,0.057423295531772986,-1071.8791502847596,0.04855589318594546,0.09757015384159036,0.03351116055147481,0.015380502362748981,100.0,1.767599955201149,99.63362764995554,True,True,2.3195199228807474e-06,2977,0.05538646960731782,0.09757015384159036,0.036327487262993646,0.016978516474567017,False,15.503858875413451,1,16,93.79823594266814,-0.017264426042054852,0.24188474862534162,1.1965748921428536,0.0846342154308346,95.92061742006615,0.0,95.92061742006615,-14.760410716779694,-0.1476041071677969,0.0,41.58857037853731,0.0,14.297874761271803,30.022744204592527,51.460502783125285,49.02264577943603,41.31187831812534,42.010021322013124,37.184003375456534,43.008682856608004,25.13622104474616,-0.245892342064838,1.546980860995283,-27.784172303035295,-28.030064645100136,0.6840359072303948,0.9170541135119642,0.005785555401474991,5.9541221866675365,0.30116359180535773,0.013754493628277688,15,5.393641573995372,1421
95,0.011344822455227,0.051870542029103114,-1047.7730319123318,0.04707879335316055,0.09792527097888129,0.03292585578498654,0.015218768849752422,100.0,1.7868352122604847,99.64671151936611,True,True,2.304572630439868e-06,2993,0.05450075500272867,0.09792527097888129,0.0357604558049432,0.016792170699811287,False,15.506037321624587,1,16,93.82546652030736,-0.019366124871676993,0.2276924273852519,1.134744837082783,0.09509516849293857,95.33479692645444,0.0,95.33479692645444,-14.364988787549548,-0.1436498878754955,0.0,39.65879985364068,0.0,13.735596621851004,30.232477988559317,51.24687171201769,48.3537714139902,39.56839906986917,40.47922264015133,35.502775195292934,41.12467460644147,24.06553445233547,-0.28381869367013673,1.5064825502360013,-26.802800176834847,-27.086618870504985,0.5149589106177896,0.960248116224137,0.004953842491197826,5.873943162239504,0.34699961295394544,0.015625865319944574,15,4.034510765268971,1436
96,-0.03252399420995339,-0.024045460649455938,-913.6624069639703,0.04626761524437017,0.09860807536003766,0.028874887501536755,0.013997514009143652,100.0,1.7621496226638556,99.63746162503935,True,True,2.1494822669825525e-06,3075,0.04922068276600613,0.09860807536003766,0.03160852538824163,0.01540808105914939,True,15.516908212560386,1,16,93.96135265700484,-0.025886696882232323,0.21866030030542669,1.1359343586310024,0.12348174233471379,70.63875469672571,0.0,70.63875469672571,-12.250379493887449,-0.12250379493887449,0.0,32.04956163893362,5.166398282340311,11.730165791758902,30.35635655115517,53.489011426779804,36.87969302975403,32.31928889922339,33.13898815676722,30.33797972795082,33.90820353983256,21.164536037454443,-0.37790140181274695,1.5072719453575738,-21.930047833873555,-22.307949235686298,0.61234457656788,0.9596808535102102,0.006166564801241624,5.394025816579588,0.3971005444230547,0.012680245600297322,15,2.8186312342761384,1451
97,-0.04754177166281697,0.01801616780880605,-934.9700079533774,0.04793347006166909,0.09925411020759208,0.028342363646407236,0.01392679368280595,100.0,1.6996701247990131,99.6367111734765,True,True,2.1032857351083832e-06,3097,0.04886954287233904,0.09925411020759208,0.030993612853742008,0.015318645352577733,True,15.519615692554042,1,16,93.99519615692554,-0.04117951014140789,0.22417273806716562,1.5011187053458352,0.1955929562501342,70.10942087002935,0.0,70.10942087002935,-12.466312578581581,-0.12466312578581584,0.0,29.450226848145185,14.375945200604926,11.263470233860133,30.197412569856027,54.088848955279644,35.910218230241405,31.680310500079763,32.57459733548798,29.91667740942238,33.43156414097085,19.825119860354285,-0.5848114049011444,1.7326965720205227,-20.824015395803126,-21.40882680070426,0.6879516165521908,0.954173903026573,0.006115753595859847,5.372136447699163,0.4350964599451333,0.014578684831286359,15,2.698473900844547,1466
98,0.03299818336795304,0.0762714152115538,-1208.96871275059,0.05486964077955668,0.09898767553295615,0.03542651937044498,0.016235908482177652,100.0,1.8239803612232208,99.63399011798866,True,True,2.8009350193291915e-06,2956,0.05946340088429457,0.09898767553295615,0.0381309910790132,0.017931460087939513,False,15.50097033545883,1,16,93.76212919323538,-0.034864365609894886,0.25049412747968314,1.39587650639352,0.1757585886495455,96.11865816467979,0.0,96.11865816467979,-16.74466963312428,-0.16744669633124282,0.0,44.455225949542566,0.0,15.298012509678468,30.69675083738738,51.14867109237877,49.439460720723176,44.02822993244995,44.9780741118288,40.561337196447205,45.73539328673024,24.99082599938674,-0.4931378278892186,1.6708539770988486,-29.908914900348005,-30.402052728237216,0.7945588538687702,0.8913289379531077,0.0047215055011987205,6.248789985416309,0.2795651409431877,0.019485580708229276,15,7.678288169657368,1481
99,-0.033518179543338605,-0.01719472969699591,-918.3820520654541,0.046360246247923745,0.0993832954474474,0.028750297132754364,0.014056776620998678,100.0,1.7508404329419134,99.63213133032968,True,True,2.0632268493965705e-06,3072,0.04923247159432651,0.0993832954474474,0.03155576735102575,0.015474654464854933,True,15.51651893634166,1,16,93.95648670427074,-0.019623756203038512,0.227266099161849,1.1627541581953271,0.09426531676475829,71.50147730325007,0.0,71.50147730325007,-12.323890780773349,-0.12323890780773347,0.0,34.00931148715194,2.9501298236189455,12.363840677184088,30.99619758149678,54.46649654032319,37.52902120651951,33.43707105585823,34.467516815284206,31.543149081405552,35.170407497499035,21.81135379956167,-0.28459450219408394,1.5249617425990247,-22.69990078769022,-22.984495289884308,0.561371824232675,0.9463890389693644,0.004731649681128294,5.615029114225148,0.3723868557457472,0.011972605164141227,15,3.1073465847496258,1496
