index,s_m,t_ref_s,vx_ref_mps,vy_ref_mps,psi_ref_rad,r_ref_radps,X_ref_m,Y_ref_m,kappa_1_per_m
0,0.0,0.0,0.2,0.0,0.0004728001066101368,-5.673603204895332e-10,0.0,0.0,-2.836801602447666e-09
1,0.05,0.21525043702153018,0.2645751311064591,0.0,0.0004728000120501201,-2.501822349386011e-10,0.04999999,2.364e-05,-9.455999658483904e-10
2,0.1,0.3874258867227931,0.31622776601683794,0.0,0.0004728000120501202,3.1622772322844777e-07,0.09999999,4.728e-05,9.999998646912296e-07
3,0.15,0.5351837584879964,0.36055512754639896,0.0,0.00047290001203776147,3.605550787080334e-07,0.14999998,7.092e-05,9.999998645467453e-07
4,0.2,0.6666666666666666,0.4,0.0,0.00047290001203776125,-3.999999458197171e-07,0.19999998,9.457e-05,-9.999998645492927e-07
5,0.25,0.7862996478468911,0.4358898943540674,0.0,0.0004728000120501201,-4.358898353735734e-07,0.24999997,0.00011821,-9.99999864689467e-07
6,0.3,0.8968052532744764,0.469041575982343,0.0,0.00047280001205012,7.233663710538525e-19,0.29999997,0.00014185,1.5422222849623967e-18
7,0.35,0.9999999999999998,0.5,0.0,0.00047280001205012023,8.123613474003523e-19,0.34999996,0.00016549,1.6247226948007046e-18
8,0.4,1.0999999999999999,0.5,0.0,0.00047280001205012023,2.363999907047369e-10,0.39999996,0.00018913,4.727999814094738e-10
9,0.45,1.1999999999999997,0.5,0.0,0.00047280005933012355,9.086118812881134e-19,0.44999995,0.00021277,1.817223762576227e-18
10,0.5,1.2999999999999998,0.5,0.0,0.00047280001205012045,4.997635323529071e-07,0.49999994,0.00023641,9.995270647058142e-07
11,0.55,1.4,0.5,0.0,0.00047290001203776114,4.999999322716637e-07,0.54999994,0.00026005,9.999998645433275e-07
12,0.6,1.4999999999999998,0.5,0.0,0.00047290001203776114,-4.99999932275934e-07,0.59999993,0.0002837,-9.99999864551868e-07
13,0.65,1.5999999999999999,0.5,0.0,0.00047280001205011964,-4.999999323460325e-07,0.64999993,0.00030734,-9.99999864692065e-07
14,0.7,1.6999999999999997,0.5,0.0,0.0004728000120501196,3.614375858382418e-18,0.69999992,0.00033098,7.228751716764837e-18
15,0.75,1.7999999999999998,0.5,0.0,0.00047280001205012045,2.363999946903649e-10,0.74999992,0.00035462,4.727999893807298e-10
16,0.8,1.9,0.5,0.0,0.0004728000593301238,3.786807807958713e-19,0.79999991,0.00037826,7.573615615917426e-19
17,0.85,1.9999999999999998,0.5,0.0,0.0004728000120501204,4.997635323557521e-07,0.8499999,0.0004019,9.995270647115041e-07
18,0.9,2.0999999999999996,0.5,0.0,0.000472900012037762,4.99999932271733e-07,0.8999999,0.00042554,9.99999864543466e-07
19,0.95,2.1999999999999993,0.5,0.0,0.00047290001203776114,-4.999999322760032e-07,0.94999989,0.00044919,-9.999998645520064e-07
20,1.0,2.2999999999999994,0.5,0.0,0.00047280001205012045,-4.999999323464817e-07,0.99999989,0.00047283,-9.999998646929635e-07
21,1.05,2.3999999999999995,0.5,0.0,0.0004728000120501196,-1.375006830638435e-19,1.04999988,0.00049647,-2.75001366127687e-19
22,1.1,2.4999999999999996,0.5,0.0,0.00047280001205012045,4.7355600840145646e-18,1.09999988,0.00052011,9.471120168029129e-18
23,1.15,2.599999999999999,0.5,0.0,0.0004728000120501205,1.3750068306383358e-20,1.14999987,0.00054375,2.7500136612766717e-20
24,1.2,2.6999999999999993,0.5,0.0,0.00047280001205012045,2.3639998980355405e-10,1.19999987,0.00056739,4.727999796071081e-10
25,1.25,2.7999999999999994,0.5,0.0,0.00047280005933012377,5.00000032342124e-07,1.24999986,0.00059103,1.000000064684248e-06
26,1.3,2.8999999999999995,0.5,0.0,0.00047290001203776114,4.997634822810386e-07,1.29999985,0.00061467,9.995269645620772e-07
27,1.35,2.9999999999999996,0.5,0.0,0.00047290001203776114,-4.999999322750231e-07,1.34999985,0.00063832,-9.999998645500461e-07
28,1.4,3.099999999999999,0.5,0.0,0.0004728000120501197,-4.999999323379265e-07,1.39999984,0.00066196,-9.99999864675853e-07
29,1.45,3.1999999999999993,0.5,0.0,0.00047280001205012126,7.986112790939766e-18,1.44999984,0.0006856,1.5972225581879532e-17
30,1.5,3.2999999999999994,0.5,0.0,0.00047280001205012126,-8.398614840131254e-18,1.49999983,0.00070924,-1.679722968026251e-17
31,1.55,3.3999999999999995,0.5,0.0,0.0004728000120501196,4.3368081031294246e-18,1.54999983,0.00073288,8.673616206258849e-18
32,1.6,3.4999999999999996,0.5,0.0,0.00047280001205012213,4.598059400950716e-18,1.59999982,0.00075652,9.196118801901433e-18
33,1.65,3.599999999999999,0.5,0.0,0.0004728000120501205,5.002363323152989e-07,1.64999982,0.00078016,1.0004726646305978e-06
34,1.7,3.6999999999999993,0.5,0.0,0.00047290005932776276,5.000000322751215e-07,1.69999981,0.0008038,1.000000064550243e-06
35,1.75,3.7999999999999994,0.5,0.0,0.000472900012037762,-5.002363822401253e-07,1.7499998,0.00082745,-1.0004727644802506e-06
36,1.8,3.8999999999999995,0.5,0.0,0.000472800012050123,-4.999999323592224e-07,1.7999998,0.00085109,-9.999998647184448e-07
37,1.85,3.9999999999999996,0.5,0.0,0.0004728000120501179,-8.137363542309775e-18,1.84999979,0.00087473,-1.627472708461955e-17
38,1.9,4.1,0.5,0.0,0.00047280001205012137,1.7085981114696368e-17,1.89999979,0.00089837,3.4171962229392736e-17
39,1.95,4.199999999999999,0.5,0.0,0.0004728000120501213,0.014140059787117762,1.94999978,0.00092201,0.028280119574235523
40,2.0,4.299999999999999,0.5,0.0,0.0033008744946478575,0.1470831784743099,1.99999978,0.00094565,0.2941663569486198
41,2.05,4.402444441503596,0.4761388566551779,0.0,0.029901027601552846,0.37213071611358395,2.04999716,0.00125209,0.7815592256590032
42,2.1,4.512547945064638,0.4320974552307614,0.0,0.08145298655577217,0.4628581142302249,2.09991873,0.00393422,1.0711891695428657
43,2.15,4.629321055769042,0.4242640769471094,0.0,0.13700848365652524,0.4714040873767541,2.14961435,0.0093842,1.1111100679766517
44,2.2,4.747172189107365,0.4242640378646817,0.0,0.19256399062409388,0.471404130801715,2.19893068,0.01758522,1.111110272683702
45,2.25,4.865023363779708,0.4242637793422867,0.0,0.24811951922878006,0.471404418049296,2.24771555,0.02851197,1.1111116267810768
46,2.3,4.982874605638349,0.42426355412396577,0.0,0.30367516084868607,0.47140466829257416,2.29581842,0.04213074,1.1111128064392592
47,2.35,5.100725839609139,0.42426383613472324,0.0,0.3592307850241648,0.4714043549464542,2.34309086,0.05839951,1.111111329311513
48,2.4,5.218576993611136,0.42426412989864715,0.0,0.4147862882228693,0.4714040285416688,2.38938702,0.07726808,1.1111097906256722
49,2.45,5.3364281245984575,0.42426400184035934,0.0,0.4703417749179901,0.47140417082878516,2.43456404,0.09867822,1.111110461372972
50,2.5,5.454279308174369,0.4242637512609599,0.0,0.5258973383233247,0.4714044492508429,2.47848252,0.12256387,1.1111117738665524
51,2.55,5.572130529325528,0.42426373129891354,0.0,0.5814529490973854,0.4714044714309486,2.52100694,0.14885133,1.11111187842456
52,2.6,5.689981721185971,0.4242639621538493,0.0,0.6370085238447355,0.47140421492496515,2.56200609,0.17745949,1.1111106692442134
53,2.65,5.807832868362429,0.42426405302337655,0.0,0.6925640119567592,0.47140411395870374,2.60135346,0.20830007,1.1111101932850527
54,2.7,5.925684026757161,0.4242638813823237,0.0,0.7481195525305189,0.47140430467124755,2.63892765,0.24127791,1.111111092312012
55,2.75,6.043535228219734,0.424263742935173,0.0,0.803675130299992,0.47140445850173956,2.6746127,0.27629125,1.1111118174756913
56,2.8,6.161386429947845,0.42426387947045285,0.0,0.8592307145150899,0.47140430679555234,2.70829851,0.31323205,1.111111102326076
57,2.85,6.279237608659472,0.424263908653688,0.0,0.9147862390318359,0.4714042743696796,2.73988114,0.35198634,1.1111109494691207
58,2.9,6.3970887906625284,0.424263855772182,0.0,0.9703418263046886,0.471404333127013,2.76926314,0.39243452,1.1111112264537193
59,2.95,6.514939970173416,0.4242639265972903,0.0,1.025897348338315,0.47140425443231165,2.79635383,0.43445179,1.1111108554835178
60,3.0,6.632791163974265,0.42426375288455404,0.0,1.0814529104528254,0.471404447446845,2.82106965,0.4779085,1.1111117653624263
61,3.05,6.750642359093066,0.4242639171080467,0.0,1.1370085249508872,0.47140426497593246,2.8433343,0.52267056,1.1111109051865955
62,3.1,6.8684935272728795,0.42426394684510743,0.0,1.19256399498317,0.47140423193470277,2.86307911,0.56859985,1.111110749428835
63,3.15,6.986344722055103,0.42426372557085135,0.0,1.2481196024425896,0.47140447779547806,2.88024314,0.61555465,1.1111119084272367
64,3.2,7.104195917696587,0.42426394065844103,0.0,1.3036752010520098,0.47140423880878674,2.89477343,0.66339008,1.1111107818335582
65,3.25,7.222047067021046,0.4242640590531864,0.0,1.3592306746160583,0.47140410725890863,2.90662514,0.71195852,1.111110161701943
66,3.3,7.339898249170293,0.42426370432011434,0.0,1.414786221480065,0.47140450140746865,2.91576172,0.76111013,1.1111120197352204
67,3.35,7.4576139049108985,0.4252409717644142,0.0,1.470341877214917,0.4703211413055395,2.92215495,0.81069322,1.1060108797938217
68,3.4,7.570684513819212,0.4591621544369083,0.0,1.5253854043046442,0.4178306647051553,2.92578512,0.86055482,0.9099849817055595
69,3.45,7.6759580473693765,0.4907442145019576,0.0,1.5613184215736338,0.21878663600208778,2.92669226,0.91054124,0.4458262156470416
70,3.5,7.776892272910395,0.5,0.0,1.5699853267294017,0.04333003351304911,2.92673281,0.96054122,0.08666006702609821
71,3.55,7.8768922729103945,0.5,0.0,1.5699853267293982,4.995942770482895e-07,2.92677336,1.01054121,9.99188554096579e-07
72,3.6,7.976892272910395,0.5,0.0,1.56998542664827,4.999999126809981e-07,2.92681391,1.06054119,9.999998253619961e-07
73,3.65,8.076892272910396,0.5,0.0,1.5699854267293636,-4.995943449621999e-07,2.92685445,1.11054117,-9.991886899243997e-07
74,3.7,8.176892272910397,0.5,0.0,1.5699853267293982,-5.004053125002702e-07,2.926895,1.16054116,-1.0008106250005403e-06
75,3.75,8.276892272910397,0.5,0.0,1.5699853266482982,4.999999125665561e-07,2.92693555,1.21054114,9.999998251331121e-07
76,3.8,8.376892272910396,0.5,0.0,1.5699854267293636,5.004052626076092e-07,2.9269761,1.26054112,1.0008105252152183e-06
77,3.85,8.476892272910398,0.5,0.0,1.5699854267293636,-5.004052271092986e-07,2.92701664,1.31054111,-1.0008104542185972e-06
78,3.9,8.576892272910397,0.5,0.0,1.5699853266483053,-4.99999894774182e-07,2.92705719,1.36054109,-9.99999789548364e-07
79,3.95,8.676892272910397,0.5,0.0,1.5699853267294017,5.00405276994751e-07,2.92709774,1.41054107,1.000810553989502e-06
80,4.0,8.776892272910397,0.5,0.0,1.5699854267293636,4.995943449694004e-07,2.92713829,1.46054106,9.991886899388008e-07
81,4.05,8.876892272910396,0.5,0.0,1.5699854266482736,-4.999999127025994e-07,2.92717883,1.51054104,-9.999998254051988e-07
82,4.1,8.976892272910396,0.5,0.0,1.5699853267293982,-4.995943126330412e-07,2.92721938,1.56054102,-9.991886252660823e-07
83,4.15,9.076892272910397,0.5,0.0,1.5699853267293982,4.999998125882659e-07,2.92725993,1.61054101,9.999996251765318e-07
84,4.2,9.176892272910397,0.5,0.0,1.5699854267293636,-0.005279591619254823,2.92730048,1.66054099,-0.010559183238509646
85,4.25,9.276892272910397,0.5,0.0,1.5689293852774744,-0.03764682148697587,2.92734102,1.71054098,-0.07529364297395175
86,4.3,9.376892272910396,0.5,0.0,1.5624556950314756,0.07938006168515357,2.92748717,1.76053865,0.15876012337030715
87,4.35,9.480087056810554,0.4690412268971917,0.0,1.5848153969582204,0.365543184863211,2.92817499,1.81052749,0.7793412687438108
88,4.4,9.592030917094181,0.4242636827837404,0.0,1.6403709048884876,0.471404525336837,2.92608603,1.86047739,1.1111121325393427
89,4.45,9.709882141619849,0.4242637754797123,0.0,1.6959265898864635,0.471404422341055,2.92122672,1.91023424,1.1111116470126188
90,4.5,9.827733315499113,0.4242640474374072,0.0,1.7514820898604653,0.47140412016534256,2.91361205,1.95964451,1.1111102225434033
91,4.55,9.945584492538764,0.42426375272495565,0.0,1.8070376227625258,0.471404447624177,2.90326554,2.00855572,1.1111117661983771
92,4.6,10.063435710777616,0.42426375080349205,0.0,1.8625932575063848,0.4714044497591417,2.89021909,2.05681696,1.1111117762626956
93,4.65,10.181286912744632,0.4242638698820366,0.0,1.918148802266325,0.4714043174493675,2.87451297,2.10427931,1.1111111525486201
94,4.7,10.299138076239887,0.42426402779991024,0.0,1.9737043643137469,0.47140414198480646,2.85619564,2.15079632,1.1111103254012575
95,4.75,10.416989204876646,0.424264120863127,0.0,2.0292598298321227,0.471404038581142,2.83532362,2.19622446,1.1111098379521538
96,4.8,10.534840380098005,0.42426369239092826,0.0,2.0848153609559534,0.4714045146621549,2.81196132,2.24042356,1.111112082218409
97,4.85,10.652691604371515,0.42426376768804797,0.0,2.1403710327928906,0.47140443099847973,2.78618082,2.28325722,1.111111687824102
98,4.9,10.770542785275184,0.4242640046534241,0.0,2.195926534897735,0.4714041677031538,2.75806166,2.32459329,1.1111104466386157
99,4.95,10.888393960232401,0.42426381050244527,0.0,2.251482086303978,0.47140438342682167,2.72769063,2.36430421,1.1111114635692094
100,5.0,11.006245170109317,0.42426375323185644,0.0,2.3070376727179065,0.4714044470609526,2.69516142,2.40226745,1.111111763543312
101,5.05,11.124096381676022,0.4242637983359858,0.0,2.3625932519801016,0.47140439694513897,2.66057442,2.43836587,1.1111115272951506
102,5.1,11.241947558578582,0.42426400281342364,0.0,2.418148832275545,0.47140416974760135,2.62403633,2.47248809,1.1111104562762264
103,5.15,11.359798687682874,0.42426414248339694,0.0,2.4737043054703793,0.4714040145586053,2.58565992,2.50452881,1.1111097247089485
104,5.2,11.477649835399285,0.4242638688061721,0.0,2.5292597988364416,0.4714043186447747,2.54556359,2.53438918,1.1111111581838213
105,5.25,11.595501065752888,0.4242635474962181,0.0,2.584815427082502,0.4714046756567629,2.50387107,2.56197705,1.111112841154389
106,5.3,11.713352305625385,0.42426380027024924,0.0,2.6403710665275337,0.47140439479595275,2.460711,2.58720729,1.1111115171637922
107,5.35,11.83120346545879,0.424264123776995,0.0,2.6959265837522004,0.47140403534350866,2.41621655,2.61000206,1.1111098226898197
108,5.4,11.94905460407529,0.42426395303193837,0.0,2.7514820584079827,0.4714042250604362,2.37052503,2.63029102,1.1111107170232517
109,5.45,12.066905779616379,0.42426385792006027,0.0,2.8070376474054113,0.47140433074047716,2.32377742,2.64801157,1.1111112152034857
110,5.5,12.184756954600852,0.42426395703956454,0.0,2.862593180852347,0.4714042206075118,2.27611796,2.66310902,1.111110696031978
111,5.55,12.302608135931257,0.4242638122293888,0.0,2.9181487096001426,0.47140438150799147,2.22769372,2.6755368,1.1111114545237597
112,5.6,12.420459345160308,0.42426375616952966,0.0,2.9737043343321425,0.4714044437968634,2.1786541,2.68525655,1.1111117481562507
113,5.65,12.538310553167237,0.42426382102868176,0.0,3.0292598978151726,0.4714043717309789,2.12915044,2.69223828,1.1111114084344944
114,5.7,12.655178916548332,0.431399740151783,0.0,3.084815466617044,0.4636067092295804,2.07933548,2.69646045,1.074656904212473
115,5.75,12.76675225350732,0.4648717412394797,0.0,3.136716829739052,0.30868848317649816,2.02936293,2.69791003,0.66402935647034
116,5.8,12.870814620147229,0.496090451231452,0.0,3.1512157856090197,0.02416208204101403,1.97937778,2.69694783,0.04870499317420073
117,5.85,12.971207109480272,0.5,0.0,3.141592653589793,-0.04811000000000249,1.92937778,2.69694783,-0.09622000000000498
118,5.9,13.071207109480273,0.5,0.0,3.141592653589793,0.0,1.87937778,2.69694783,0.0
119,5.95,13.171207109480273,0.5,0.0,3.141592653589793,0.0,1.82937778,2.69694783,0.0
120,6.0,13.271207109480272,0.5,0.0,3.141592653589793,-0.0,1.77937778,2.69694783,-0.0
121,6.05,13.371207109480272,0.5,0.0,3.141592653589793,-0.0,1.72937778,2.69694783,-0.0
122,6.1,13.471207109480272,0.5,0.0,3.141592653589793,-0.0,1.67937778,2.69694783,-0.0
123,6.15,13.572091397033871,0.49123463549139934,0.0,3.141592653589793,-0.06417685771914497,1.62937778,2.69694783,-0.13064400000001342
124,6.2,13.67848432463434,0.4486774644512114,0.0,3.128525444214667,-0.2821414314610713,1.57937778,2.69694783,-0.628829067236897
125,6.25,13.796088014985445,0.4016359883107691,0.0,3.078667653126791,-0.497962942837138,1.52940497,2.69825427,-1.239836462194307
126,6.3,13.926219393946234,0.36681817546269174,0.0,3.0045970290344357,-0.5452288867424666,1.47966486,2.70323056,-1.4863736946914743
127,6.35,14.062638742332453,0.3662156733494887,0.0,2.9300336226090695,-0.5461259045983425,1.43043366,2.71189837,-1.491268518366119
128,6.4,14.199170300777022,0.36621572301958305,0.0,2.8554701812377377,-0.5461258305268051,1.38198496,2.72420955,-1.4912681138422927
129,6.45,14.33570182846393,0.36621583835074834,0.0,2.7809068311558764,-0.5461256585369394,1.33458799,2.74009567,-1.4912671745613577
130,6.5,14.472233349184467,0.3662157603911068,0.0,2.706343444122136,-0.5461257747957743,1.28850613,2.75946846,-1.4912678094807534
131,6.55,14.60876486630687,0.3662158576531535,0.0,2.631780053994175,-0.5461256297518591,1.24399549,2.78222025,-1.4912670173586524
132,6.6,14.745296371068012,0.36621582670385255,0.0,2.557216747076424,-0.5461256759055966,1.20130339,2.80822462,-1.4912672694160527
133,6.65,14.881827910606786,0.36621567108645714,0.0,2.482653331029078,-0.5461259079731346,1.1606671,2.83733704,-1.4912685367967333
134,6.7,15.018359460523799,0.36621577102916847,0.0,2.4080898954584686,-0.5461257589315547,1.12231242,2.86939576,-1.491267722842162
135,6.75,15.154890981555342,0.36621582604427483,0.0,2.333526528017469,-0.5461256768892045,1.08645251,2.9042226,-1.4912672747877884
136,6.8,15.291422512939128,0.36621571549393767,0.0,2.258963171852369,-0.5461258417495753,1.05328664,2.94162403,-1.4912681751327406
137,6.85,15.427954070248822,0.3662156869632278,0.0,2.1843997276292884,-0.5461258842965754,1.02299912,2.9813922,-1.4912684074929117
138,6.9,15.5644855840176,0.36621594907177335,0.0,2.109836351904511,-0.5461254934221377,0.99575826,3.02330613,-1.4912662728271961
139,6.95,15.701017072216981,0.3662158241318313,0.0,2.035273077682456,-0.5461256797411729,0.97171543,3.06713289,-1.4912672903631197
140,7.0,15.8375486141872,0.3662156606148349,0.0,1.9607096162695523,-0.5461259235891569,0.95100425,3.11262892,-1.4912686220798774
141,7.05,15.974080167892701,0.3662157611772294,0.0,1.886146213291143,-0.5461257736234535,0.93373982,3.15954141,-1.491267803078407
142,7.1,16.110611718101822,0.3662156793713611,0.0,1.8115828431676837,-0.5461258956181018,0.92001807,3.20760964,-1.4912684693226983
143,7.15,16.247143254762992,0.366215833856031,0.0,1.7370193934836466,-0.5461256652397728,0.90991526,3.25656651,-1.4912672111672514
144,7.2,16.381053682999877,0.3805519968248111,0.0,1.6624561026985594,-0.5255519793586804,0.90348753,3.30613996,-1.3810254150384098
145,7.25,16.506262374418036,0.41811460425025926,0.0,1.5989624138055771,-0.37905868968776824,0.90077059,3.35605449,-0.9065904080711938
146,7.3,16.62111449414984,0.45257024016980035,0.0,1.5717762319687285,-0.12740041322568738,0.9006726,3.40605393,-0.2815041775126174
147,7.35,16.727820730202815,0.48458211098569315,0.0,1.5707963267948966,-0.0047484201055527945,0.9006726,3.45605393,-0.009799000000008228
148,7.4,16.82938666247421,0.5,0.0,1.5707963267948966,0.0,0.9006726,3.50605393,0.0
149,7.45,16.929386662474208,0.5,0.0,1.5707963267948966,0.0,0.9006726,3.55605393,0.0
150,7.5,17.02938666247421,0.5,0.0,1.5707963267948966,0.0,0.9006726,3.60605393,0.0
151,7.55,17.12938666247421,0.5,0.0,1.5707963267948966,-0.0,0.9006726,3.65605393,-0.0
152,7.6,17.229386662474212,0.5,0.0,1.5707963267948966,-0.0,0.9006726,3.70605393,-0.0
153,7.65,17.329386662474214,0.5,0.0,1.5707963267948966,0.0,0.9006726,3.75605393,0.0
154,7.7,17.429386662474215,0.5,0.0,1.5707963267948966,0.0,0.9006726,3.80605393,0.0
155,7.75,17.532266880494333,0.4720041609986079,0.0,1.5707963267948966,0.0,0.9006726,3.85605393,0.0
156,7.8,17.643434661273325,0.42753704868701137,0.0,1.5707963267948966,0.0,0.9006726,3.90605393,0.0
157,7.85,17.767595034824836,0.3778728992664068,0.0,1.5707963267948966,0.0,0.9006726,3.95605393,0.0
158,7.9,17.910763371695488,0.3206055645181466,0.0,1.5707963267948966,-1.13901977456319e-14,0.9006726,4.00605393,-3.552713678800545e-14
159,7.95,18.08583929723329,0.25057519430302677,0.0,1.570796326794893,1.3447965773246824e-14,0.9006726,4.05605393,5.366838409784437e-14
160,7.97848491,18.212277282990854,0.2,0.0,1.5707963267948966,3.915538624997076e-14,0.9006726,4.08453884,1.9577693124985378e-13
